tax_id,GeneID,Symbol,LocusTag,Synonyms,description,type_of_gene,Modification_date
9606,1,A1BG,-,A1B|ABG|DKFZp686F0970|GAB|HYST2477,HGNC:5|MIM:138670|Ensembl:ENSG00000121410|HPRD:00726,19,19q13.4
9606,2,A2M,-,CPAMD5|DKFZp779B086|FWP007|S863-7,HGNC:7|MIM:103950|HPRD:00072,12,12p13.3-p12.
9606,3,A2MP,-,-,HGNC:8,12,12p13.3-p12.
9606,9,NAT1,-,AAC1|NATI,HGNC:7645|MIM:108345|Ensembl:ENSG00000171428|HPRD:00149,8,8p23.1-p21.3
9606,10,NAT2,-,AAC2|PNAT,HGNC:7646|MIM:612182|Ensembl:ENSG00000156006|HPRD:02000,8,8p22
9606,11,AACP,-,NATP,HGNC:15,8,8p22
9606,12,SERPINA3,-,AACT|ACT|GIG24|GIG25|MGC88254,HGNC:16|MIM:107280|Ensembl:ENSG00000196136|HPRD:00120,14,14q32.1
9606,13,AADAC,-,CES5A1|DAC,HGNC:17|MIM:600338|Ensembl:ENSG00000114771|HPRD:02640,3,3q21.3-q25.2
9606,14,AAMP,-,-,HGNC:18|MIM:603488|Ensembl:ENSG00000127837|HPRD:04600,2,2q35
9606,15,AANAT,-,AA-NAT|SNAT,HGNC:19|MIM:600950|Ensembl:ENSG00000129673|HPRD:02974,17,17q25
9606,16,AARS,-,-,HGNC:20|MIM:601065|Ensembl:ENSG00000090861|HPRD:03042,16,16q22
9606,17,AAVS1,-,AAV,HGNC:22|MIM:102699,19,19q13|19q13-
9606,18,ABAT,-,FLJ17813|GABA-AT|GABAT|NPD009,HGNC:23|MIM:137150|Ensembl:ENSG00000183044|HPRD:00661,16,16p13.2
9606,19,ABCA1,-,ABC-1|ABC1|CERP|FLJ14958|HDLDT1|MGC164864|MGC165011|TGD,HGNC:29|MIM:600046|Ensembl:ENSG00000165029|HPRD:02501,9,9q31.1
9606,20,ABCA2,RP11-229P13.8,ABC2|MGC129761,HGNC:32|MIM:600047|Ensembl:ENSG00000107331|HPRD:08967,9,9q34
9606,21,ABCA3,-,ABC-C|ABC3|EST111653|LBM180|MGC166979|MGC72201|SMDP3,HGNC:33|MIM:601615|Ensembl:ENSG00000167972|HPRD:03369,16,16p13.3
9606,22,ABCB7,-,ABC7|ASAT|Atm1p|EST140535,HGNC:48|MIM:300135|Ensembl:ENSG00000131269|HPRD:02137,X,Xq12-q13
9606,23,ABCF1,DADB-129D20.7,ABC27|ABC50,HGNC:70|MIM:603429|Ensembl:ENSG00000204574|HPRD:09139,6,6p21.33
9606,24,ABCA4,-,ABC10|ABCR|ARMD2|CORD3|DKFZp781N1972|FFM|FLJ17534|RMP|RP19|STGD|STGD1,HGNC:34|MIM:601691|Ensembl:ENSG00000198691|HPRD:03408,1,1p22.1-p21
9606,25,ABL1,RP11-83J21.1,ABL|JTK7|bcr/abl|c-ABL|p150|v-abl,HGNC:76|MIM:189980|Ensembl:ENSG00000097007|HPRD:01809,9,9q34.1
9606,26,ABP1,-,ABP|AOC1|DAO|DAO1|KAO,HGNC:80|MIM:104610|Ensembl:ENSG00000002726|HPRD:00088,7,7q34-q36
9606,27,ABL2,RP11-177A2.3,ABLL|ARG|FLJ22224|FLJ31718|FLJ41441,HGNC:77|MIM:164690|Ensembl:ENSG00000143322|HPRD:01259,1,1q24-q25
9606,28,ABO,-,A3GALNT|A3GALT1|GTB|NAGAT,HGNC:79|MIM:110300|Ensembl:ENSG00000175164|HPRD:05821,9,9q34.1-q34.2
9606,29,ABR,-,FLJ45954|MDB,HGNC:81|MIM:600365|Ensembl:ENSG00000159842|HPRD:02649,17,17p13.3
9606,30,ACAA1,-,ACAA|PTHIO|THIO,HGNC:82|MIM:604054|Ensembl:ENSG00000060971|HPRD:06815,3,3p23-p22
9606,31,ACACA,-,ACAC|ACC|ACC1|ACCA,HGNC:84|MIM:200350|Ensembl:ENSG00000132142|HPRD:01938,17,17q21
9606,32,ACACB,-,ACC2|ACCB|HACC275,HGNC:85|MIM:601557|Ensembl:ENSG00000076555|HPRD:07044,12,12q24.11
9606,33,ACADL,-,ACAD4|FLJ94052|LCAD,HGNC:88|MIM:609576|Ensembl:ENSG00000115361|HPRD:01939,2,2q34-q35
9606,34,ACADM,RP4-682C21.1,ACAD1|FLJ18227|FLJ93013|FLJ99884|MCAD|MCADH,HGNC:89|MIM:607008|Ensembl:ENSG00000117054|HPRD:08447,1,1p31
9606,35,ACADS,-,ACAD3|SCAD,HGNC:90|MIM:606885|Ensembl:ENSG00000122971|HPRD:06053,12,12q22-qter
9606,36,ACADSB,-,2-MEBCAD|ACAD7|SBCAD,HGNC:91|MIM:600301|Ensembl:ENSG00000196177|HPRD:02626,10,10q26.13
9606,37,ACADVL,-,ACAD6|LCACD|VLCAD,HGNC:92|MIM:609575|Ensembl:ENSG00000072778|HPRD:01940,17,17p13-p11
9606,38,ACAT1,-,ACAT|MAT|T2|THIL,HGNC:93|MIM:607809|Ensembl:ENSG00000075239|HPRD:01946,11,11q22.3-q23.
9606,39,ACAT2,-,-,HGNC:94|MIM:100678|Ensembl:ENSG00000120437|HPRD:00006,6,6q25.3
9606,40,ACCN1,-,ACCN|ASIC2|ASIC2a|BNC1|BNaC1|MDEG|hBNaC1,HGNC:99|MIM:601784|Ensembl:ENSG00000108684|HPRD:03471,17,17q12
9606,41,ACCN2,-,ASIC|ASIC1|ASIC1A|BNaC2|hBNaC2,HGNC:100|MIM:602866|Ensembl:ENSG00000110881|HPRD:04182,12,12q12
9606,43,ACHE,-,ARACHE|N-ACHE|YT,HGNC:108|MIM:100740|Ensembl:ENSG00000087085|HPRD:00010,7,7q22
9606,46,ACLS,-,-,HGNC:114|MIM:200990,12,12p13.3-p11.
9606,47,ACLY,-,ACL|ATPCL|CLATP,HGNC:115|MIM:108728|Ensembl:ENSG00000131473|HPRD:00155,17,17q12-q21
9606,48,ACO1,-,ACONS|IREB1|IREBP|IREBP1|IRP1,HGNC:117|MIM:100880|Ensembl:ENSG00000122729|HPRD:00013,9,9p22-q32|9p2
9606,49,ACR,-,-,HGNC:126|MIM:102480|Ensembl:ENSG00000100312|HPRD:06342,22,22q13-qter|2
9606,50,ACO2,-,ACONM|MGC20605|MGC33908,HGNC:118|MIM:100850|Ensembl:ENSG00000100412|HPRD:00012,22,22q11.2-q13.
9606,51,ACOX1,-,ACOX|MGC1198|PALMCOX|SCOX,HGNC:119|MIM:609751|Ensembl:ENSG00000161533|HPRD:02030,17,17q24-q25|17
9606,52,ACP1,-,HAAP|MGC111030|MGC3499,HGNC:122|MIM:171500|Ensembl:ENSG00000143727|HPRD:08881,2,2p25
9606,53,ACP2,-,-,HGNC:123|MIM:171650|Ensembl:ENSG00000134575|HPRD:01375,11,11p11.2-p11.
9606,54,ACP5,-,MGC117378|TRAP,HGNC:124|MIM:171640|Ensembl:ENSG00000102575|HPRD:01374,19,19p13.3-p13.
9606,55,ACPP,-,ACP-3|ACP3|PAP,HGNC:125|MIM:171790|Ensembl:ENSG00000014257|HPRD:01378,3,3q21-q23
9606,56,ACRV1,-,D11S4365|SP-10|SPACA2,HGNC:127|MIM:102525|Ensembl:ENSG00000134940|HPRD:00014,11,11q23-q24
9606,58,ACTA1,RP5-1068B5.2,ACTA|ASMA|CFTD|CFTD1|CFTDM|MPFD|NEM1|NEM2|NEM3,HGNC:129|MIM:102610|Ensembl:ENSG00000143632|HPRD:00030,1,1q42.13|1q42
9606,59,ACTA2,-,AAT6|ACTSA,HGNC:130|MIM:102620|Ensembl:ENSG00000107796|HPRD:00031,10,10q23.3
9606,60,ACTB,-,PS1TP5BP1,HGNC:132|MIM:102630|Ensembl:ENSG00000075624|HPRD:00032,7,7p15-p12
9606,61,ACTBP1,-,-,HGNC:134,X,Xq13-q22
9606,62,ACTBP2,-,-,HGNC:135,5,5q14.1
9606,63,ACTBP3,-,-,HGNC:136,18,-
9606,64,ACTBP4,-,-,HGNC:137,5,5q31.1
9606,65,ACTBP5,-,-,HGNC:138,7,7q22-qter
9606,66,ACTBP6,-,-,HGNC:139,8,-
9606,67,ACTBP7,-,-,HGNC:140,15,15q15.3
9606,68,ACTBP8,-,ACTBP2,HGNC:141,6,6q13
9606,69,ACTBP9,-,-,HGNC:142,18,-
9606,70,ACTC1,-,ACTC|CMD1R|CMH11,HGNC:143|MIM:102540|Ensembl:ENSG00000159251|HPRD:00015,15,15q11-q14
9606,71,ACTG1,-,ACT|ACTG|DFNA20|DFNA26,HGNC:144|MIM:102560|Ensembl:ENSG00000184009|HPRD:00017,17,17q25
9606,72,ACTG2,-,ACT|ACTA3|ACTE|ACTL3|ACTSG,HGNC:145|MIM:102545|Ensembl:ENSG00000163017|HPRD:00016,2,2p13.1
9606,73,ACTGP1,-,-,HGNC:146,3,3q23
9606,74,ACTGP2,-,ACTL2,HGNC:147,Y,Yq11
9606,75,ACTGP3,-,dJ545L17.4,HGNC:148,20,20p13-p13
9606,76,ACTGP4,-,-,HGNC:149,1,1p21
9606,77,ACTGP5,-,-,HGNC:150,1,1p21
9606,78,ACTGP6,-,-,HGNC:151,1,1p21
9606,79,ACTGP7,-,-,HGNC:152,1,1p21
9606,80,ACTGP8,-,-,HGNC:153,1,1p21
9606,81,ACTN4,-,ACTININ-4|DKFZp686K23158|FSGS|FSGS1,HGNC:166|MIM:604638|Ensembl:ENSG00000130402|HPRD:05222,19,19q13
9606,82,ACTGP9,-,-,HGNC:154,6,6p12.3
9606,83,ACTGP10,-,ACTL1|ACTP1,HGNC:155,X,Xp11-q11
9606,84,ACTL4,-,-,HGNC:158,3,3pter-q21
9606,85,ACTL5,-,ACTFIB,HGNC:159,21,21q22.3
9606,86,ACTL6A,-,ACTL6|Arp4|BAF53A|INO80K|MGC5382,HGNC:24124|MIM:604958|Ensembl:ENSG00000136518|HPRD:05389,3,3q26.33
9606,87,ACTN1,-,FLJ40884,HGNC:163|MIM:102575|Ensembl:ENSG00000072110|HPRD:00020,14,14q24.1-q24.
9606,88,ACTN2,-,CMD1AA,HGNC:164|MIM:102573|Ensembl:ENSG00000077522|HPRD:00019,1,1q42-q43
9606,89,ACTN3,-,MGC117002|MGC117005,HGNC:165|MIM:102574|Ensembl:ENSG00000204633|HPRD:02148,11,11q13.1
9606,90,ACVR1,-,ACTRI|ACVR1A|ACVRLK2|ALK2|FOP|SKR1|TSRI,HGNC:171|MIM:102576|Ensembl:ENSG00000115170|HPRD:00021,2,2q23-q24
9606,91,ACVR1B,-,ACTRIB|ACVRLK4|ALK4|SKR2,HGNC:172|MIM:601300|Ensembl:ENSG00000135503|HPRD:03193,12,12q13
9606,92,ACVR2A,-,ACTRII|ACVR2,HGNC:173|MIM:102581|Ensembl:ENSG00000121989|HPRD:00025,2,2q22.3
9606,93,ACVR2B,-,ACTRIIB|ActR-IIB|MGC116908,HGNC:174|MIM:602730|Ensembl:ENSG00000114739|HPRD:04106,3,3p22
9606,94,ACVRL1,-,ACVRLK1|ALK-1|ALK1|HHT|HHT2|ORW2|SKR3|TSR-I,HGNC:175|MIM:601284|Ensembl:ENSG00000139567|HPRD:03181,12,12q11-q14
9606,95,ACY1,-,ACY1D|ACYLASE,HGNC:177|MIM:104620|Ensembl:ENSG00000114786|HPRD:00092,3,3p21.1
9606,96,ACY1L,-,AN,HGNC:178,18,-
9606,97,ACYP1,-,ACYPE,HGNC:179|MIM:600875|Ensembl:ENSG00000119640|HPRD:02928,14,14q24.3
9606,98,ACYP2,-,ACYM|ACYP,HGNC:180|MIM:102595|Ensembl:ENSG00000170634|HPRD:00028,2,2p16.2
9606,100,ADA,-,-,HGNC:186|MIM:608958|Ensembl:ENSG00000196839|HPRD:00038,20,20q12-q13.11
9606,101,ADAM8,-,CD156|MGC134985|MS2,HGNC:215|MIM:602267|Ensembl:ENSG00000151651|HPRD:03777,10,10q26.3
9606,102,ADAM10,-,AD10|CD156c|HsT18717|MADM|kuz,HGNC:188|MIM:602192|Ensembl:ENSG00000137845|HPRD:03723,15,15q2|15q22
9606,103,ADAR,-,ADAR1|DRADA|DSH|DSRAD|G1P1|IFI-4|IFI4|K88dsRBP|TDRD10|p136,HGNC:225|MIM:146920|Ensembl:ENSG00000160710|HPRD:07528,1,1q21.1-q21.2
9606,104,ADARB1,-,ADAR2|ADAR2a|ADAR2a-L1|ADAR2a-L2|ADAR2a-L3|ADAR2b|ADAR2c|ADAR2d|ADAR2g|DRABA2|DRADA2|RED1,HGNC:226|MIM:601218|Ensembl:ENSG00000197381|HPRD:06777,21,21q22.3
9606,105,ADARB2,-,ADAR3|FLJ25034|FLJ36975|RED2|hRED2,HGNC:227|MIM:602065|Ensembl:ENSG00000185736|HPRD:09070,10,10p15.3
9606,106,ADCP1,-,-,HGNC:229|MIM:102710,6,-
9606,107,ADCY1,-,AC1,HGNC:232|MIM:103072|Ensembl:ENSG00000164742|HPRD:00053,7,7p13-p12
9606,108,ADCY2,-,AC2|FLJ16822|FLJ45092|HBAC2|KIAA1060|MGC133314,HGNC:233|MIM:103071|Ensembl:ENSG00000078295|HPRD:00052,5,5p15.3
9606,109,ADCY3,-,AC3|KIAA0511,HGNC:234|MIM:600291|Ensembl:ENSG00000138031|HPRD:02620,2,2p23.3
9606,111,ADCY5,-,AC5,HGNC:236|MIM:600293|Ensembl:ENSG00000173175|HPRD:08973,3,3q13.2-q21
9606,112,ADCY6,-,AC6|DKFZp779F075|KIAA0422,HGNC:237|MIM:600294|Ensembl:ENSG00000174233|HPRD:02621,12,12q12-q13
9606,113,ADCY7,-,AC7|FLJ36387|KIAA0037,HGNC:238|MIM:600385|Ensembl:ENSG00000121281|HPRD:02663,16,16q12-q13
9606,114,ADCY8,-,AC8|ADCY3|HBAC1,HGNC:239|MIM:103070|Ensembl:ENSG00000155897|HPRD:00051,8,8q24
9606,115,ADCY9,-,AC9,HGNC:240|MIM:603302|Ensembl:ENSG00000162104|HPRD:04489,16,16p13.3
9606,116,ADCYAP1,-,MGC126852|PACAP,HGNC:241|MIM:102980|Ensembl:ENSG00000141433|HPRD:02369,18,18p11
9606,117,ADCYAP1R1,-,PAC1|PACAPR|PACAPRI,HGNC:242|MIM:102981|Ensembl:ENSG00000078549|HPRD:00045,7,7p14
9606,118,ADD1,RP11-520M5.1,ADDA|MGC3339|MGC44427,HGNC:243|MIM:102680|Ensembl:ENSG00000087274|HPRD:00036,4,4p16.3
9606,119,ADD2,-,ADDB,HGNC:244|MIM:102681|Ensembl:ENSG00000075340|HPRD:00037,2,2p14-p13
9606,120,ADD3,-,ADDL,HGNC:245|MIM:601568|Ensembl:ENSG00000148700|HPRD:03339,10,10q24.2-q24.
9606,122,ADFN,-,ALDS,HGNC:247|MIM:300700,X,Xq25-q26|Xq2
9606,123,ADFP,RP11-151J10.1,ADRP|MGC10598,HGNC:248|MIM:103195|Ensembl:ENSG00000147872|HPRD:00057,9,9p22.1
9606,124,ADH1A,-,ADH1,HGNC:249|MIM:103700|Ensembl:ENSG00000187758|HPRD:00063,4,4q21-q23
9606,125,ADH1B,-,ADH2|DKFZp686C06125,HGNC:250|MIM:103720|Ensembl:ENSG00000196616|HPRD:00065,4,4q21-q23
9606,126,ADH1C,-,ADH3,HGNC:251|MIM:103730|HPRD:00066,4,4q21-q23
9606,127,ADH4,-,ADH-2,HGNC:252|MIM:103740|Ensembl:ENSG00000198099|HPRD:00068,4,4q21-q24|4q2
9606,128,ADH5,-,ADH-3|ADHX|FDH|GSNOR,HGNC:253|MIM:103710|HPRD:00064,4,4q21-q25
9606,129,ADH5P1,-,ADH-3P1,HGNC:254,4,4q21-q23
9606,130,ADH6,-,ADH-5,HGNC:255|MIM:103735|Ensembl:ENSG00000172955|HPRD:00067,4,4q23
9606,131,ADH7,-,ADH-4,HGNC:256|MIM:600086|Ensembl:ENSG00000196344|HPRD:02515,4,4q23-q24
9606,132,ADK,-,AK,HGNC:257|MIM:102750|Ensembl:ENSG00000156110|HPRD:00039,10,10q22|10q11-
9606,133,ADM,-,AM,HGNC:259|MIM:103275|Ensembl:ENSG00000148926|HPRD:00061,11,11p15.4
9606,134,ADORA1,-,RDC7,HGNC:262|MIM:102775|Ensembl:ENSG00000163485|HPRD:00042,1,1q32.1
9606,135,ADORA2A,-,ADORA2|RDC8|hA2aR,HGNC:263|MIM:102776|Ensembl:ENSG00000128271|HPRD:00043,22,22q11.23
9606,136,ADORA2B,-,ADORA2,HGNC:264|MIM:600446|Ensembl:ENSG00000170425|HPRD:15971,17,17p12-p11.2
9606,137,ADORA2BP,-,-,HGNC:265,1,1q32
9606,140,ADORA3,RP11-552M11.7,A3AR|AD026|bA552M11.5,HGNC:268|MIM:600445|Ensembl:ENSG00000121933|HPRD:08984|HPRD:12424,1,1p13.2
9606,141,ADPRH,-,ARH1,HGNC:269|MIM:603081|Ensembl:ENSG00000144843|HPRD:04359,3,3q13.31-q13.
9606,142,PARP1,RP11-125A15.2,ADPRT|ADPRT1|PARP|PARP-1|PPOL|pADPRT-1,HGNC:270|MIM:173870|Ensembl:ENSG00000143799|HPRD:01435,1,1q41-q42
9606,143,PARP4,-,ADPRTL1|PARPL|PH5P|VAULT3|VPARP|VWA5C|p193,HGNC:271|MIM:607519|Ensembl:ENSG00000102699|HPRD:09598,13,13q11
9606,144,PARP1P1,-,ADPRTP1|PPOLP1,HGNC:275,13,13q34
9606,145,PARP1P2,-,ADPRTP2|PPOLP2,HGNC:276,14,14q22
9606,146,ADRA1D,-,ADRA1|ADRA1A|ADRA1R|ALPHA1|DAR|dJ779E11.2,HGNC:280|MIM:104219|Ensembl:ENSG00000171873|HPRD:00079,20,20p13
9606,147,ADRA1B,-,ADRA1|ALPHA1BAR,HGNC:278|MIM:104220|Ensembl:ENSG00000170214|HPRD:00080,5,5q23-q32
9606,148,ADRA1A,-,ADRA1C|ADRA1L1|ALPHA1AAR,HGNC:277|MIM:104221|Ensembl:ENSG00000120907|HPRD:00081,8,8p21-p11.2
9606,150,ADRA2A,-,ADRA2|ADRA2R|ADRAR|ALPHA2AAR|ZNF32,HGNC:281|MIM:104210|Ensembl:ENSG00000150594|HPRD:00078,10,10q24-q26
9606,151,ADRA2B,-,ADRA2L1|ADRA2RL1|ADRARL1|ALPHA2BAR,HGNC:282|MIM:104260|HPRD:00086,2,2p13-q13
9606,152,ADRA2C,-,ADRA2L2|ADRA2RL2|ADRARL2|ALPHA2CAR,HGNC:283|MIM:104250|HPRD:00085,4,4p16
9606,153,ADRB1,-,ADRB1R|B1AR|BETA1AR|RHR,HGNC:285|MIM:109630|Ensembl:ENSG00000043591|HPRD:00181,10,10q24-q26
9606,154,ADRB2,-,ADRB2R|ADRBR|B2AR|BAR|BETA2AR,HGNC:286|MIM:109690|Ensembl:ENSG00000169252|HPRD:00187,5,5q31-q32
9606,155,ADRB3,-,BETA3AR,HGNC:288|MIM:109691|Ensembl:ENSG00000188778|HPRD:00188,8,8p12-p11.2
9606,156,ADRBK1,-,BARK1|BETA-ARK1|FLJ16718|GRK2,HGNC:289|MIM:109635|Ensembl:ENSG00000173020|HPRD:00182,11,11q13.1
9606,157,ADRBK2,-,BARK2|GRK3,HGNC:290|MIM:109636|Ensembl:ENSG00000100077|HPRD:00183,22,22q11|22q12.
9606,158,ADSL,RP5-1042K10.8,AMPS|ASASE|ASL,HGNC:291|MIM:608222|Ensembl:ENSG00000100357|HPRD:00049,22,22q13.1|22q1
9606,159,ADSS,-,ADEH|MGC20404,HGNC:292|MIM:103060|Ensembl:ENSG00000035687|HPRD:00050,1,1cen-q12
9606,160,AP2A1,-,ADTAA|AP2-ALPHA|CLAPA1,HGNC:561|MIM:601026|HPRD:03016,19,19q13.33
9606,161,AP2A2,-,ADTAB|CLAPA2|HIP9|HYPJ,HGNC:562|MIM:607242|HPRD:06256,11,11p15.5
9606,162,AP1B1,-,ADTB1|AP105A|BAM22|CLAPB2,HGNC:554|MIM:600157|Ensembl:ENSG00000100280|HPRD:02541,22,22q12|22q12.
9606,163,AP2B1,-,ADTB2|AP105B|AP2-BETA|CLAPB1|DKFZp781K0743,HGNC:563|MIM:601025|Ensembl:ENSG00000006125|HPRD:03015,17,17q11.2-q12
9606,164,AP1G1,-,ADTG|CLAPG1|MGC18255,HGNC:555|MIM:603533|Ensembl:ENSG00000166747|HPRD:04637,16,16q23
9606,165,AEBP1,-,ACLP|FLJ33612,HGNC:303|MIM:602981|Ensembl:ENSG00000106624|HPRD:04281,7,7p13
9606,166,AES,-,AES-1|AES-2|ESP1|GRG|GRG5|TLE5,HGNC:307|MIM:600188|Ensembl:ENSG00000104964|HPRD:02556,19,19p13.3
9606,167,CRISP1,-,AEGL1|ARP|CRISP-1|HSCRISP1D|HSCRISP1G|HUMARP,HGNC:304|MIM:601193|Ensembl:ENSG00000124812|HPRD:03118,6,6p21.3
9606,169,AF8T,-,-,HGNC:309|MIM:116950,3,-
9606,170,AFA,-,-,HGNC:310|MIM:106250,-,-
9606,171,AFD1,-,AFDN,HGNC:312|MIM:154400,9,9q32
9606,172,AFG3L1,-,AFG3|FLJ45200,HGNC:314|MIM:603020|HPRD:04315,16,16q24.3
9606,173,AFM,-,ALB2|ALBA|ALF|MGC125338|MGC125339,HGNC:316|MIM:104145|Ensembl:ENSG00000079557|HPRD:00073,4,4q11-q13
9606,174,AFP,-,FETA|HPAFP,HGNC:317|MIM:104150|Ensembl:ENSG00000081051|HPRD:00074,4,4q11-q13
9606,175,AGA,-,AGU|ASRG|GA,HGNC:318|MIM:208400|Ensembl:ENSG00000038002|HPRD:01949,4,4q32-q33
9606,176,ACAN,-,AGC1|AGCAN|CSPG1|CSPGCP|MSK16|SEDK,HGNC:319|MIM:155760|HPRD:01123,15,15q26.1
9606,177,AGER,DAMA-358M23.4,MGC22357|RAGE,HGNC:320|MIM:600214|Ensembl:ENSG00000204305|HPRD:02568,6,6p21.3
9606,178,AGL,-,GDE,HGNC:321|MIM:610860|Ensembl:ENSG00000162688|HPRD:01984,1,1p21
9606,179,AGMX2,-,IMD6|XLA2,HGNC:323|MIM:300310,X,Xp22
9606,181,AGRP,-,AGRT|ART|ASIP2|MGC118963,HGNC:330|MIM:602311|Ensembl:ENSG00000159723|HPRD:09079,16,16q22
9606,182,JAG1,-,AGS|AHD|AWS|CD339|HJ1|JAGL1|MGC104644,HGNC:6188|MIM:601920|Ensembl:ENSG00000101384|HPRD:03562,20,20p12.1-p11.
9606,183,AGT,-,ANHU|FLJ92595|FLJ97926|SERPINA8,HGNC:333|MIM:106150|Ensembl:ENSG00000135744|HPRD:00106,1,1q42-q43
9606,185,AGTR1,-,AG2S|AGTR1A|AGTR1B|AT1|AT1B|AT1R|AT2R1|AT2R1A|AT2R1B|HAT1R,HGNC:336|MIM:106165|Ensembl:ENSG00000144891|HPRD:00107,3,3q21-q25
9606,186,AGTR2,-,AT2|ATGR2|MRX88,HGNC:338|MIM:300034|Ensembl:ENSG00000180772|HPRD:02071,X,Xq22-q23
9606,187,APLNR,-,AGTRL1|APJ|APJR|FLJ90771|MGC45246,HGNC:339|MIM:600052|Ensembl:ENSG00000134817|HPRD:02503,11,11q12
9606,189,AGXT,-,AGT|AGT1|AGXT1|PH1|SPAT|SPT|TLH6,HGNC:341|MIM:604285|Ensembl:ENSG00000172482|HPRD:05048,2,2q36-q37
9606,190,NR0B1,-,AHC|AHCH|AHX|DAX-1|DAX1|DSS|GTD|HHG|NROB1,HGNC:7960|MIM:300473|Ensembl:ENSG00000169297|HPRD:08362,X,Xp21.3-p21.2
9606,191,AHCY,-,SAHH,HGNC:343|MIM:180960|Ensembl:ENSG00000101444|HPRD:01621,20,20cen-q13.1
9606,192,AIC,-,-,HGNC:350|MIM:304050,X,Xp22
9606,196,AHR,-,-,HGNC:348|MIM:600253|Ensembl:ENSG00000106546|HPRD:02596,7,7p15
9606,197,AHSG,-,A2HS|AHS|FETUA|HSGA,HGNC:349|MIM:138680|Ensembl:ENSG00000145192|HPRD:00727,3,3q27
9606,199,AIF1,DADB-70P7.8,AIF-1|IBA1|IRT-1,HGNC:352|MIM:601833|Ensembl:ENSG00000204472|HPRD:03496,6,6p21.3
9606,201,AIH3,-,-,HGNC:355|MIM:301201,X,Xq22-q28
9606,202,AIM1,-,ST4,HGNC:356|MIM:601797|Ensembl:ENSG00000112297|HPRD:18576,6,6q21
9606,203,AK1,RP11-203J24.1,-,HGNC:361|MIM:103000|Ensembl:ENSG00000106992|HPRD:00046,9,9q34.1
9606,204,AK2,-,ADK2,HGNC:362|MIM:103020|Ensembl:ENSG00000004455|HPRD:00047,1,1p34
9606,205,AK3L1,RP4-686B20.1,AK3|AK4,HGNC:363|MIM:103030|Ensembl:ENSG00000162433|HPRD:00048,1,1p31.3
9606,206,AK3P1,-,-,HGNC:364,17,17q11.2
9606,207,AKT1,-,AKT|MGC99656|PKB|PKB-ALPHA|PRKBA|RAC|RAC-ALPHA,HGNC:391|MIM:164730|Ensembl:ENSG00000142208|HPRD:01261,14,14q32.32|14q
9606,208,AKT2,-,PKBB|PKBBETA|PRKBB|RAC-BETA,HGNC:392|MIM:164731|Ensembl:ENSG00000105221|HPRD:01262,19,19q13.1-q13.
9606,210,ALAD,-,ALADH|MGC5057|PBGS,HGNC:395|MIM:125270|Ensembl:ENSG00000148218|HPRD:00504,9,9q33.1
9606,211,ALAS1,-,ALAS|ALAS3|ALASH|MIG4,HGNC:396|MIM:125290|Ensembl:ENSG00000023330|HPRD:00505,3,3p21.1
9606,212,ALAS2,RP5-884M20.1,ALAS-E|ALASE|ANH1|ASB|FLJ93603|XLSA,HGNC:397|MIM:301300|Ensembl:ENSG00000158578|HPRD:02356,X,Xp11.21
9606,213,ALB,-,DKFZp779N1935|PRO0883|PRO0903|PRO1341,HGNC:399|MIM:103600|Ensembl:ENSG00000163631|HPRD:00062,4,4q11-q13
9606,214,ALCAM,-,CD166|FLJ38514|MEMD|MGC71733,HGNC:400|MIM:601662|Ensembl:ENSG00000170017|HPRD:03389,3,3q13.1
9606,215,ABCD1,-,ABC42|ALD|ALDP|AMN,HGNC:61|MIM:300371|Ensembl:ENSG00000101986|HPRD:02300,X,Xq28
9606,216,ALDH1A1,-,ALDC|ALDH-E1|ALDH1|ALDH11|MGC2318|PUMB1|RALDH1,HGNC:402|MIM:100640|Ensembl:ENSG00000165092|HPRD:00001,9,9q21.13
9606,217,ALDH2,-,ALDH-E2|ALDHI|ALDM|MGC1806,HGNC:404|MIM:100650|Ensembl:ENSG00000111275|HPRD:00003,12,12q24.2
9606,218,ALDH3A1,-,ALDH3|ALDHIII|MGC10406,HGNC:405|MIM:100660|Ensembl:ENSG00000108602|HPRD:00004,17,17p11.2
9606,219,ALDH1B1,-,ALDH5|ALDHX|MGC2230,HGNC:407|MIM:100670|Ensembl:ENSG00000137124|HPRD:00005,9,9p11.1
9606,220,ALDH1A3,-,ALDH1A6|ALDH6|RALDH3,HGNC:409|MIM:600463|Ensembl:ENSG00000184254|HPRD:02713,15,15q26.3
9606,221,ALDH3B1,-,ALDH4|ALDH7|FLJ26433,HGNC:410|MIM:600466|Ensembl:ENSG00000006534|HPRD:02716,11,11q13
9606,222,ALDH3B2,-,ALDH8,HGNC:411|MIM:601917|Ensembl:ENSG00000132746|HPRD:03559,11,11q13
9606,223,ALDH9A1,-,ALDH4|ALDH7|ALDH9|E3|TMABADH,HGNC:412|MIM:602733|Ensembl:ENSG00000143149|HPRD:04109,1,1q23.1
9606,224,ALDH3A2,-,ALDH10|DKFZp686E23276|FALDH|FLJ20851|SLS,HGNC:403|MIM:609523|Ensembl:ENSG00000072210|HPRD:07188,17,17p11.2
9606,225,ABCD2,-,ABC39|ALDL1|ALDR|ALDRP|hALDR,HGNC:66|MIM:601081|Ensembl:ENSG00000173208|HPRD:03051,12,12q11-q12
9606,226,ALDOA,-,ALDA|MGC10942|MGC17716|MGC17767,HGNC:414|MIM:103850|Ensembl:ENSG00000149925|HPRD:00070,16,16p11.2
9606,228,ALDOAP2,-,-,HGNC:416,10,10q26.13
9606,229,ALDOB,RP11-490D19.1,-,HGNC:417|MIM:229600|Ensembl:ENSG00000136872|HPRD:01972,9,9q21.3-q22.2
9606,230,ALDOC,-,ALDC,HGNC:418|MIM:103870|Ensembl:ENSG00000109107|HPRD:02386,17,17cen-q12
9606,231,AKR1B1,-,ADR|ALDR1|ALR2|AR|MGC1804,HGNC:381|MIM:103880|Ensembl:ENSG00000085662|HPRD:00071,7,7q35
9606,233,ALDRL2,-,-,HGNC:421,9,9q22
9606,236,AKR1B1P2,-,ALDRP,HGNC:425,3,3p12
9606,238,ALK,-,CD246|Ki-1|TFG/ALK,HGNC:427|MIM:105590|Ensembl:ENSG00000171094|HPRD:00104,2,2p23
9606,239,ALOX12,-,12-LOX|12S-LOX|LOG12,HGNC:429|MIM:152391|Ensembl:ENSG00000108839|HPRD:01066,17,17p13.1
9606,240,ALOX5,RP11-67C2.3,5-LO|5-LOX|5LPG|LOG5|MGC163204,HGNC:435|MIM:152390|Ensembl:ENSG00000012779|HPRD:01065,10,10q11.2
9606,241,ALOX5AP,-,FLAP,HGNC:436|MIM:603700|Ensembl:ENSG00000132965|HPRD:04742,13,13q12
9606,242,ALOX12B,-,12R-LOX,HGNC:430|MIM:603741|Ensembl:ENSG00000179477|HPRD:04772,17,17p13.1
9606,243,ALOX12P1,-,ALOX12P,HGNC:431,17,17q11
9606,244,ANXA8L2,-,ANXA8|FLJ32754|FLJ54151|bA145E20.2,HGNC:23335|Ensembl:ENSG00000186807|HPRD:03866,10,10q11.22
9606,245,ALOX12P2,-,ALOX12E|MGC43625,HGNC:432,17,17p13
9606,246,ALOX15,-,15-LOX-1|15-LOX2,HGNC:433|MIM:152392|Ensembl:ENSG00000161905|HPRD:01067,17,17p13.3
9606,247,ALOX15B,-,15-LOX-2,HGNC:434|MIM:603697|Ensembl:ENSG00000179593|HPRD:04739,17,17p13.1
9606,248,ALPI,-,IAP,HGNC:437|MIM:171740|Ensembl:ENSG00000163295|HPRD:01376,2,2q37.1
9606,249,ALPL,-,AP-TNAP|FLJ40094|FLJ93059|HOPS|MGC161443|MGC167935|TNAP|TNSALP,HGNC:438|MIM:171760|Ensembl:ENSG00000162551|HPRD:01377,1,1p36.12
9606,250,ALPP,-,ALP|PLAP,HGNC:439|MIM:171800|Ensembl:ENSG00000163283,2,2q37
9606,251,ALPPL2,-,ALPG|ALPPL|GCAP,HGNC:441|MIM:171810|Ensembl:ENSG00000163286|HPRD:01380,2,2q37
9606,253,ALS3,-,ALS6,HGNC:444|MIM:606640,18,18q21
9606,255,ALS5,-,-,HGNC:446|MIM:602099,15,15q15.1-q21.
9606,257,ALX3,-,MGC138212|MGC141988,HGNC:449|MIM:606014|Ensembl:ENSG00000156150|HPRD:16190,1,1p13.3
9606,258,AMBN,-,-,HGNC:452|MIM:601259|Ensembl:ENSG00000178522|HPRD:03160,4,4q21
9606,259,AMBP,-,EDC1|HCP|HI30|IATIL|ITI|ITIL|ITILC|UTI,HGNC:453|MIM:176870|Ensembl:ENSG00000106927|HPRD:01467,9,9q32-q33
9606,261,AMCN,-,AMC|AMC1|AMCN1,HGNC:456|MIM:208100,5,5q35
9606,262,AMD1,-,ADOMETDC|AMD|DKFZp313L1234|FLJ26964|SAMDC,HGNC:457|MIM:180980|Ensembl:ENSG00000123505|HPRD:01622,6,6q21-q22
9606,263,AMDP1,-,AMD|AMD2,HGNC:460,X,Xq22-q28
9606,265,AMELX,-,AIH1|ALGN|AMG|AMGL|AMGX,HGNC:461|MIM:300391|Ensembl:ENSG00000125363|HPRD:02313,X,Xp22.31-p22.
9606,266,AMELY,-,AMGL|AMGY,HGNC:462|MIM:410000|Ensembl:ENSG00000099721|HPRD:02462,Y,Yp11.2
9606,267,AMFR,-,GP78|RNF45,HGNC:463|MIM:603243|Ensembl:ENSG00000159461|HPRD:09130,16,16q21
9606,268,AMH,-,MIF|MIS,HGNC:464|MIM:600957|Ensembl:ENSG00000104899|HPRD:02979,19,19p13.3
9606,269,AMHR2,-,AMHR|MISRII,HGNC:465|MIM:600956|Ensembl:ENSG00000135409|HPRD:02978,12,12q13
9606,270,AMPD1,-,MAD|MADA,HGNC:468|MIM:102770|Ensembl:ENSG00000116748|HPRD:00040,1,1p13
9606,271,AMPD2,-,-,HGNC:469|MIM:102771|Ensembl:ENSG00000116337|HPRD:11808,1,1p13.3
9606,272,AMPD3,-,-,HGNC:470|MIM:102772|Ensembl:ENSG00000133805|HPRD:00041,11,11p15
9606,273,AMPH,-,AMPH1,HGNC:471|MIM:600418|Ensembl:ENSG00000078053|HPRD:02687,7,7p14-p13
9606,274,BIN1,-,AMPH2|AMPHL|DKFZp547F068|MGC10367|SH3P9,HGNC:1052|MIM:601248|Ensembl:ENSG00000136717|HPRD:03150,2,2q14
9606,275,AMT,-,GCE|GCST|NKH,HGNC:473|MIM:238310|Ensembl:ENSG00000145020|HPRD:01997,3,3p21.2-p21.1
9606,276,AMY1A,-,AMY1|AMY1B,HGNC:474|MIM:104700|Ensembl:ENSG00000051415|HPRD:00096,1,1p21
9606,277,AMY1B,RP11-508C1.1,AMY1,HGNC:475|MIM:104701|Ensembl:ENSG00000174876|HPRD:18510,1,1p21
9606,278,AMY1C,RP11-508C1.3,AMY1,HGNC:476|MIM:104702|Ensembl:ENSG00000187733|HPRD:15911,1,1p21
9606,279,AMY2A,-,AMY2|AMY2B|PA,HGNC:477|MIM:104650|Ensembl:ENSG00000196318|HPRD:00094,1,1p21
9606,280,AMY2B,-,AMY2,HGNC:478|MIM:104660|Ensembl:ENSG00000197839|HPRD:00095,1,1p21
9606,281,AMYP1,-,AMY2P,HGNC:479,1,1p21
9606,282,ANCR,-,-,HGNC:482|MIM:105830,15,15q11-q12
9606,283,ANG,-,ALS9|MGC22466|MGC71966|RNASE4|RNASE5,HGNC:483|MIM:105850|Ensembl:ENSG00000214274|HPRD:00105,14,14q11.1-q11.
9606,284,ANGPT1,-,AGP1|AGPT|ANG1,HGNC:484|MIM:601667|Ensembl:ENSG00000154188|HPRD:03392,8,8q22.3-q23
9606,285,ANGPT2,-,AGPT2|ANG2,HGNC:485|MIM:601922|Ensembl:ENSG00000091879|HPRD:03563,8,8p23.1
9606,286,ANK1,-,ANK|SPH1|SPH2,HGNC:492|MIM:182900|Ensembl:ENSG00000029534|HPRD:01693,8,8p11.1
9606,287,ANK2,-,DKFZp686M09125|DKFZp686P0948|FLJ38277|LQT4,HGNC:493|MIM:106410|Ensembl:ENSG00000145362|HPRD:00110,4,4q25-q27
9606,288,ANK3,RP11-369L1.1,ANKYRIN-G|FLJ45464,HGNC:494|MIM:600465|Ensembl:ENSG00000151150|HPRD:02715,10,10q21
9606,289,ANOP1,-,MCOPS4,HGNC:498|MIM:301590,X,Xq27-q28
9606,290,ANPEP,-,APN|CD13|LAP1|PEPN|gp150|p150,HGNC:500|MIM:151530|Ensembl:ENSG00000166825|HPRD:01055,15,15q25-q26
9606,291,SLC25A4,-,AAC1|ANT|ANT1|PEO2|PEO3|T1,HGNC:10990|MIM:103220|Ensembl:ENSG00000151729|HPRD:00058,4,4q35
9606,292,SLC25A5,-,2F1|AAC2|ANT2|T2|T3,HGNC:10991|MIM:300150|Ensembl:ENSG00000005022|HPRD:02147,X,Xq24-q26
9606,293,SLC25A6,RP11-261P4.6,AAC3|ANT3|ANT3Y|MGC17525,HGNC:10992|MIM:300151|MIM:403000|Ensembl:ENSG00000169100|HPRD:02461,X|Y,"Xp22.32 and "
9606,294,ANTP1,-,-,HGNC:507,7,7p11.2
9606,295,ANTP2,-,-,HGNC:508,-,-
9606,296,ANTP3,-,-,HGNC:509,22,22q13.2
9606,297,ANTP4,-,-,HGNC:510,-,-
9606,298,ANTP5,-,-,HGNC:511,7,7p14.3
9606,299,ANTP6,-,-,HGNC:512,4,4q35.2
9606,300,ANTP7,-,-,HGNC:513,-,-
9606,301,ANXA1,-,ANX1|LPC1,HGNC:533|MIM:151690|Ensembl:ENSG00000135046|HPRD:01060,9,9q12-q21.2|9
9606,302,ANXA2,-,ANX2|ANX2L4|CAL1H|LIP2|LPC2|LPC2D|P36|PAP-IV,HGNC:537|MIM:151740|Ensembl:ENSG00000182718|HPRD:01061,15,15q21-q22
9606,303,ANXA2P1,-,ANX2L1|ANX2P1|LPC2A,HGNC:538,4,4q21-q31
9606,304,ANXA2P2,-,ANX2L2|ANX2P2|LPC2B,HGNC:539,9,9p13
9606,305,ANXA2P3,-,ANX2L3|ANX2P3|LIP2|LPC2C,HGNC:540,10,10q21-q22
9606,306,ANXA3,-,ANX3,HGNC:541|MIM:106490|Ensembl:ENSG00000138772|HPRD:00111,4,4q13-q22
9606,307,ANXA4,-,ANX4|DKFZp686H02120|MGC75105|PIG28|ZAP36,HGNC:542|MIM:106491|Ensembl:ENSG00000196975|HPRD:00112,2,2p13
9606,308,ANXA5,-,ANX5|ENX2|PP4,HGNC:543|MIM:131230|Ensembl:ENSG00000164111|HPRD:00568,4,4q26-q28|4q2
9606,309,ANXA6,-,ANX6|CBP68,HGNC:544|MIM:114070|Ensembl:ENSG00000197043|HPRD:00231,5,5q32-q34
9606,310,ANXA7,RP11-537A6.8,ANX7|SNX|SYNEXIN,HGNC:545|MIM:186360|Ensembl:ENSG00000138279|HPRD:01720,10,10q21.1-q21.
9606,311,ANXA11,RP11-369J21.10,ANX11|CAP50,HGNC:535|MIM:602572|Ensembl:ENSG00000122359|HPRD:03983,10,10q23
9606,312,ANXA13,-,ANX13|ISA|MGC150460,HGNC:536|MIM:602573|Ensembl:ENSG00000104537|HPRD:03984,8,8q24.13
9606,313,AOAH,-,-,HGNC:548|MIM:102593|Ensembl:ENSG00000136250|HPRD:00027,7,7p14-p12
9606,314,AOC2,-,DAO2|RAO,HGNC:549|MIM:602268|Ensembl:ENSG00000131480|HPRD:11889,17,17q21
9606,316,AOX1,-,AO|AOH1,HGNC:553|MIM:602841|Ensembl:ENSG00000138356|HPRD:07537,2,2q33
9606,317,APAF1,-,CED4|DKFZp781B1145,HGNC:576|MIM:602233|Ensembl:ENSG00000120868|HPRD:03755,12,12q23
9606,318,NUDT2,-,APAH1|MGC10404,HGNC:8049|MIM:602852|Ensembl:ENSG00000164978|HPRD:04168,9,9p13
9606,319,APOF,-,Apo-F|DKFZp781G18150|LTIP|MGC22520,HGNC:615|MIM:107760|Ensembl:ENSG00000175336|HPRD:00137,12,12q13.2
9606,320,APBA1,-,D9S411E|MINT1|X11|X11A|X11ALPHA,HGNC:578|MIM:602414|Ensembl:ENSG00000107282|HPRD:03879,9,9q13-q21.1
9606,321,APBA2,-,D15S1518E|HsT16821|LIN-10|MGC99508|MGC:14091|MINT2|X11L,HGNC:579|MIM:602712|Ensembl:ENSG00000034053|HPRD:04090,15,15q11-q12
9606,322,APBB1,-,FE65|MGC:9072|RIR,HGNC:581|MIM:602709|Ensembl:ENSG00000166313|HPRD:04087,11,11p15
9606,323,APBB2,-,DKFZp434E033|FE65L|FE65L1|MGC35575,HGNC:582|MIM:602710|Ensembl:ENSG00000163697|HPRD:04088,4,4p14-p13
9606,324,APC,-,BTPS2|DP2|DP2.5|DP3|GS,HGNC:583|MIM:611731|Ensembl:ENSG00000134982|HPRD:01439,5,5q21-q22
9606,325,APCS,-,MGC88159|PTX2|SAP,HGNC:584|MIM:104770|Ensembl:ENSG00000132703|HPRD:00101,1,1q21-q23
9606,326,AIRE,-,AIRE1|APECED|APS1|APSI|PGA1,HGNC:360|MIM:607358|Ensembl:ENSG00000160224|HPRD:06301,21,21q22.3
9606,327,APEH,-,ACPH|APH|D3F15S2|D3S48E|DNF15S2|MGC2178|OPH,HGNC:586|MIM:102645|Ensembl:ENSG00000164062|HPRD:00034,3,3p21.31
9606,328,APEX1,-,APE|APE-1|APE1|APEN|APEX|APX|HAP1|REF-1|REF1,HGNC:587|MIM:107748|Ensembl:ENSG00000100823|HPRD:00136,14,14q11.2-q12
9606,329,BIRC2,-,API1|HIAP2|Hiap-2|MIHB|RNF48|cIAP1,HGNC:590|MIM:601712|Ensembl:ENSG00000110330|HPRD:03419,11,11q22
9606,330,BIRC3,-,AIP1|API2|CIAP2|HAIP1|HIAP1|MALT2|MIHC|RNF49,HGNC:591|MIM:601721|Ensembl:ENSG00000023445|HPRD:03426,11,11q22
9606,331,XIAP,RP1-315G1.5,API3|BIRC4|ILP1|MIHA|XLP2,HGNC:592|MIM:300079|Ensembl:ENSG00000101966|HPRD:02094,X,Xq25
9606,332,BIRC5,-,API4|EPR-1,HGNC:593|MIM:603352|Ensembl:ENSG00000089685|HPRD:04520,17,17q25
9606,333,APLP1,-,APLP,HGNC:597|MIM:104775|Ensembl:ENSG00000105290|HPRD:00102,19,19q13.1
9606,334,APLP2,-,APPH|APPL2|CDEBP,HGNC:598|MIM:104776|Ensembl:ENSG00000084234|HPRD:00103,11,11q23-q25|11
9606,335,APOA1,-,MGC117399,HGNC:600|MIM:107680|Ensembl:ENSG00000118137|HPRD:02517,11,11q23-q24
9606,336,APOA2,-,-,HGNC:601|MIM:107670|Ensembl:ENSG00000158874|HPRD:00129,1,1q21-q23
9606,337,APOA4,-,MGC142154|MGC142156,HGNC:602|MIM:107690|Ensembl:ENSG00000110244|HPRD:00130,11,11q23
9606,338,APOB,-,FLDB,HGNC:603|MIM:107730|Ensembl:ENSG00000084674|HPRD:00133,2,2p24-p23
9606,339,APOBEC1,-,APOBEC-1|BEDP|CDAR1|HEPR,HGNC:604|MIM:600130|Ensembl:ENSG00000111701|HPRD:02531,12,12p13.1
9606,340,APOBER1,-,-,HGNC:606,-,-
9606,341,APOC1,-,-,HGNC:607|MIM:107710|Ensembl:ENSG00000130208|HPRD:00131,19,19q13.2
9606,342,APOC1P1,-,-,HGNC:608,19,19q13.2
9606,343,AQP8,-,-,HGNC:642|MIM:603750|Ensembl:ENSG00000103375|HPRD:04778,16,16p12
9606,344,APOC2,-,MGC75082,HGNC:609|MIM:608083|Ensembl:ENSG00000213044|HPRD:07457,19,19q13.2
9606,345,APOC3,-,APOCIII|MGC150353,HGNC:610|MIM:107720|Ensembl:ENSG00000110245|HPRD:00132,11,11q23.1-q23.
9606,346,APOC4,-,-,HGNC:611|MIM:600745|Ensembl:ENSG00000130207|HPRD:02848,19,19q13.2
9606,347,APOD,-,-,HGNC:612|MIM:107740|Ensembl:ENSG00000189058|HPRD:00134,3,3q26.2-qter
9606,348,APOE,-,AD2|LPG|MGC1571|apoprotein,HGNC:613|MIM:107741|Ensembl:ENSG00000130203|HPRD:00135,19,19q13.2
9606,349,APOEL1,-,-,HGNC:614,16,16q11-q24
9606,350,APOH,-,B2G1|BG,HGNC:616|MIM:138700|Ensembl:ENSG00000091583|HPRD:00728,17,17q23-qter
9606,351,APP,-,AAA|ABETA|ABPP|AD1|APPI|CTFgamma|CVAP|PN2,HGNC:620|MIM:104760|Ensembl:ENSG00000142192|HPRD:00100,21,21q21.2|21q2
9606,353,APRT,-,AMP|DKFZp686D13177|MGC125856|MGC125857|MGC129961,HGNC:626|MIM:102600|Ensembl:ENSG00000198931|HPRD:00029,16,16q24
9606,354,KLK3,-,APS|KLK2A1|PSA|hK3,HGNC:6364|MIM:176820|Ensembl:ENSG00000142515|HPRD:01461,19,19q13.41
9606,355,FAS,-,ALPS1A|APO-1|APT1|CD95|FAS1|FASTM|TNFRSF6,HGNC:11920|MIM:134637|Ensembl:ENSG00000026103|HPRD:00609,10,10q24.1
9606,356,FASLG,-,APT1LG1|CD178|CD95L|FASL|TNFSF6,HGNC:11936|MIM:134638|Ensembl:ENSG00000117560|HPRD:00610,1,1q23
9606,357,SHROOM2,-,APXL|DKFZp781J074|FLJ39277|HSAPXL,HGNC:630|MIM:300103|Ensembl:ENSG00000146950|HPRD:02113,X,Xp22.3
9606,358,AQP1,-,AQP-CHIP|CHIP28|CO|MGC26324,HGNC:633|MIM:107776|Ensembl:ENSG00000106125|HPRD:00140,7,7p14
9606,359,AQP2,-,AQP-CD|MGC34501|WCH-CD,HGNC:634|MIM:107777|Ensembl:ENSG00000167580|HPRD:00141,12,12q12-q13
9606,360,AQP3,-,GIL,HGNC:636|MIM:600170|Ensembl:ENSG00000165272|HPRD:08970,9,9p13
9606,361,AQP4,-,HMIWC2|MGC22454|MIWC,HGNC:637|MIM:600308|Ensembl:ENSG00000171885|HPRD:02631,18,18q11.2-q12.
9606,362,AQP5,-,-,HGNC:638|MIM:600442|Ensembl:ENSG00000161798|HPRD:02706,12,12q13
9606,363,AQP6,-,AQP2L|KID,HGNC:639|MIM:601383|Ensembl:ENSG00000086159|HPRD:03226,12,12q13
9606,364,AQP7,RP11-311H10.6,AQP7L|AQP9|AQPap|MGC149555|MGC149556,HGNC:640|MIM:602974|Ensembl:ENSG00000165269|HPRD:04277,9,9p13
9606,366,AQP9,-,HsT17287|SSC1,HGNC:643|MIM:602914|Ensembl:ENSG00000103569|HPRD:04223,15,15q22.1-q22.
9606,367,AR,RP11-383C12.1,AIS|DHTR|HUMARA|KD|NR3C4|SBMA|SMAX1|TFM,HGNC:644|MIM:313700|Ensembl:ENSG00000169083|HPRD:02437,X,Xq11.2-q12
9606,368,ABCC6,-,ABC34|ARA|EST349056|MLP1|MOATE|MRP6|PXE|PXE1,HGNC:57|MIM:603234|Ensembl:ENSG00000091262|HPRD:04453,16,16p13.1
9606,369,ARAF,RP1-230G1.1,A-RAF|ARAF1|PKS2|RAFA1,HGNC:646|MIM:311010|Ensembl:ENSG00000078061|HPRD:02405,X,Xp11.4-p11.2
9606,370,ARAFPS,-,ARAF2|ARAF2P|PKS1,HGNC:647,7,7p12-q11.21
9606,371,ARCN2,-,-,HGNC:650,-,-
9606,372,ARCN1,-,COPD,HGNC:649|MIM:600820|Ensembl:ENSG00000095139|HPRD:02893,11,11q23.3
9606,373,TRIM23,-,ARD1|ARFD1|RNF46,HGNC:660|MIM:601747|Ensembl:ENSG00000113595|HPRD:03449,5,5q12.3
9606,374,AREG,-,AR|CRDGF|MGC13647|SDGF,HGNC:651|MIM:104640|Ensembl:ENSG00000109321|HPRD:00093,4,4q13-q21
9606,375,ARF1,-,-,HGNC:652|MIM:103180|Ensembl:ENSG00000143761|HPRD:00054,1,1q42
9606,377,ARF3,-,-,HGNC:654|MIM:103190|Ensembl:ENSG00000134287|HPRD:00056,12,12q13
9606,378,ARF4,-,ARF2,HGNC:655|MIM:601177|Ensembl:ENSG00000168374|HPRD:03107,3,3p21.2-p21.1
9606,379,ARL4D,-,ARF4L|ARL6,HGNC:656|MIM:600732|Ensembl:ENSG00000175906|HPRD:02842,17,17q12-q21
9606,380,ARF4P,-,-,HGNC:657,9,9q34
9606,381,ARF5,-,-,HGNC:658|MIM:103188|Ensembl:ENSG00000004059|HPRD:00055,7,7q31.3
9606,382,ARF6,-,DKFZp564M0264,HGNC:659|MIM:600464|Ensembl:ENSG00000165527|HPRD:02714,14,14q21.3
9606,383,ARG1,-,-,HGNC:663|MIM:608313|Ensembl:ENSG00000118520|HPRD:01947,6,6q23
9606,384,ARG2,-,-,HGNC:664|MIM:107830|Ensembl:ENSG00000081181|HPRD:00143,14,14q24.1-q24.
9606,387,RHOA,-,ARH12|ARHA|RHO12|RHOH12,HGNC:667|MIM:165390|Ensembl:ENSG00000067560|HPRD:01323,3,3p21.3
9606,388,RHOB,-,ARH6|ARHB|MST081|MSTP081|RHOH6,HGNC:668|MIM:165370|Ensembl:ENSG00000143878|HPRD:01321,2,2p24
9606,389,RHOC,RP11-426L16.4,ARH9|ARHC|H9|MGC1448|MGC61427|RHOH9,HGNC:669|MIM:165380|Ensembl:ENSG00000155366|HPRD:01322,1,1p13.1
9606,390,RND3,-,ARHE|Rho8|RhoE|memB,HGNC:671|MIM:602924|Ensembl:ENSG00000115963|HPRD:04233,2,2q23.3
9606,391,RHOG,-,ARHG|MGC125835|MGC125836,HGNC:672|MIM:179505|Ensembl:ENSG00000177105|HPRD:01537,11,11p15.5-p15.
9606,392,ARHGAP1,-,CDC42GAP|RHOGAP|RHOGAP1|p50rhoGAP,HGNC:673|MIM:602732|Ensembl:ENSG00000175220|HPRD:04108,11,11p12-q12
9606,393,ARHGAP4,-,C1|KIAA0131|RGC1|RhoGAP4|p115,HGNC:674|MIM:300023|Ensembl:ENSG00000089820|HPRD:02063,X,Xq28
9606,394,ARHGAP5,-,GFI2|RhoGAP5|p190-B,HGNC:675|MIM:602680|Ensembl:ENSG00000100852|HPRD:04060,14,14q12
9606,395,ARHGAP6,-,RHOGAP6|RHOGAPX-1,HGNC:676|MIM:300118|Ensembl:ENSG00000047648|HPRD:02124,X,Xp22.3
9606,396,ARHGDIA,-,GDIA1|MGC117248|RHOGDI|RHOGDI-1,HGNC:678|MIM:601925|Ensembl:ENSG00000141522|HPRD:03565,17,17q25.3
9606,397,ARHGDIB,-,D4|GDIA2|GDID4|LYGDI|Ly-GDI|RAP1GN1|RhoGDI2,HGNC:679|MIM:602843|Ensembl:ENSG00000111348|HPRD:04162,12,12p12.3
9606,398,ARHGDIG,LA16c-314G4.1,RHOGDI-3,HGNC:680|MIM:602844|Ensembl:ENSG00000206156|HPRD:04163,16,16p13.3
9606,399,RHOH,-,ARHH|TTF,HGNC:686|MIM:602037|Ensembl:ENSG00000168421|HPRD:03616,4,4p13
9606,400,ARL1,-,ARFL1,HGNC:692|MIM:603425|Ensembl:ENSG00000120805|HPRD:04574,12,12q23.2
9606,401,PHOX2A,-,ARIX|CFEOM2|FEOM2|MGC52227|NCAM2|PMX2A,HGNC:691|MIM:602753|Ensembl:ENSG00000165462|HPRD:04129,11,11q13.2
9606,402,ARL2,-,ARFL2,HGNC:693|MIM:601175|Ensembl:ENSG00000213465|HPRD:11869,11,11q13
9606,403,ARL3,RP11-47A8.3,ARFL3,HGNC:694|MIM:604695|Ensembl:ENSG00000138175|HPRD:05260,10,10q23.3
9606,405,ARNT,-,HIF-1beta|HIF1B|HIF1BETA|TANGO|bHLHe2,HGNC:700|MIM:126110|Ensembl:ENSG00000143437|HPRD:00524,1,1q21
9606,406,ARNTL,-,BMAL1|BMAL1c|JAP3|MGC47515|MOP3|PASD3|TIC|bHLHe5,HGNC:701|MIM:602550|Ensembl:ENSG00000133794|HPRD:03973,11,11p15
9606,407,ARR3,RP13-26D14.6,ARRX,HGNC:710|MIM:301770|Ensembl:ENSG00000120500|HPRD:02358,X,Xcen-q21
9606,408,ARRB1,-,ARB1|ARR1,HGNC:711|MIM:107940|Ensembl:ENSG00000137486|HPRD:00146,11,11q13
9606,409,ARRB2,-,ARB2|ARR2|BARR2|DKFZp686L0365,HGNC:712|MIM:107941|Ensembl:ENSG00000141480|HPRD:00147,17,17p13
9606,410,ARSA,-,MLD,HGNC:713|MIM:607574|Ensembl:ENSG00000100299|HPRD:09617,22,22q13.31-qte
9606,411,ARSB,-,ASB|G4S|MPS6,HGNC:714|MIM:611542|Ensembl:ENSG00000113273|HPRD:08358,5,5q11-q13
9606,412,STS,-,ARSC|ARSC1|ASC|ES|SSDD,HGNC:11425|MIM:308100|Ensembl:ENSG00000101846|HPRD:02389,X,Xp22.32
9606,413,ARSC2,-,ARSC,HGNC:716|MIM:301780,X,Xpter-p22.32
9606,414,ARSD,-,-,HGNC:717|MIM:300002|Ensembl:ENSG00000006756|HPRD:02048,X,Xp22.3
9606,415,ARSE,-,CDPX|CDPX1|CDPXR|MGC163310,HGNC:719|MIM:300180|Ensembl:ENSG00000157399|HPRD:02171,X,Xp22.3
9606,416,ARSF,-,ASF,HGNC:721|MIM:300003|Ensembl:ENSG00000062096|HPRD:02049,X,Xp22.3
9606,417,ART1,-,ART2|CD296|MGC133217|RT6,HGNC:723|MIM:601625|Ensembl:ENSG00000129744|HPRD:03377,11,11p15
9606,418,ART2P,-,ART1P|RT6,HGNC:724,11,11q13
9606,419,ART3,-,-,HGNC:725|MIM:603086|Ensembl:ENSG00000156219|HPRD:04363,4,4p15.1-p14|4
9606,420,ART4,-,CD297|DO|DOK1,HGNC:726|MIM:110600|Ensembl:ENSG00000111339|HPRD:04364,12,12p13-p12
9606,421,ARVCF,-,FLJ35345,HGNC:728|MIM:602269|Ensembl:ENSG00000099889|HPRD:03778,22,22q11.21
9606,424,ARVD3,-,ARVD2,HGNC:731|MIM:602086,14,14q12-q22
9606,425,ARVD4,-,-,HGNC:732|MIM:602087,2,2q32.1-q32.3
9606,427,ASAH1,-,AC|ASAH|FLJ21558|FLJ22079|PHP|PHP32,HGNC:735|MIM:228000|Ensembl:ENSG00000104763|HPRD:01969,8,8p22-p21.3
9606,429,ASCL1,-,ASH1|HASH1|MASH1|bHLHa46,HGNC:738|MIM:100790|Ensembl:ENSG00000139352|HPRD:00011,12,12q23.2
9606,430,ASCL2,-,ASH2|HASH2|MASH2|bHLHa45,HGNC:739|MIM:601886|Ensembl:ENSG00000183734|HPRD:03533,11,11p15.5
9606,431,ASD1,-,ASD2,HGNC:741|MIM:108800,6,6p21.3
9606,432,ASGR1,-,ASGPR|CLEC4H1|Hs.12056,HGNC:742|MIM:108360|Ensembl:ENSG00000141505|HPRD:00151,17,17p13.2
9606,433,ASGR2,-,ASGP-R|CLEC4H2|Hs.1259|L-H2,HGNC:743|MIM:108361|Ensembl:ENSG00000161944|HPRD:00152,17,17p
9606,434,ASIP,-,AGSW|AGTI|AGTIL|ASP|MGC126092|MGC126093|SHEP9,HGNC:745|MIM:600201|Ensembl:ENSG00000101440|HPRD:02562,20,20q11.2-q12
9606,435,ASL,-,ASAL,HGNC:746|MIM:608310|Ensembl:ENSG00000169910|HPRD:01948,7,7cen-q11.2
9606,436,ASLL,-,-,HGNC:747,22,22q11.23
9606,437,ASMD,-,ASOD,HGNC:749|MIM:107250,4,4q28-q31
9606,438,ASMT,RP13-297E16.2,ASMTY|HIOMT|HIOMTY,HGNC:750|MIM:300015|MIM:402500|Ensembl:ENSG00000196433|HPRD:02058,X|Y,"Xp22.3 or Yp"
9606,439,ASNA1,-,ARSA-I|ARSA1|MGC3821,HGNC:752|MIM:601913|Ensembl:ENSG00000198356|HPRD:03555,19,19q13.3
9606,440,ASNS,-,TS11,HGNC:753|MIM:108370|Ensembl:ENSG00000070669|HPRD:00153,7,7q21.3
9606,442,ASNSL2,-,-,HGNC:755,21,21pter-q21
9606,443,ASPA,-,ACY2|ASP,HGNC:756|MIM:608034|Ensembl:ENSG00000108381|HPRD:02033,17,17pter-p13
9606,444,ASPH,-,BAH|CASQ2BP1|HAAH|JCTN|junctin,HGNC:757|MIM:600582|Ensembl:ENSG00000198363|HPRD:08996,8,8q12.1
9606,445,ASS1,RP11-618A20.2,ASS|CTLN1,HGNC:758|MIM:603470|Ensembl:ENSG00000130707|HPRD:04590,9,9q34.1
9606,446,ASSP1,-,-,HGNC:759,6,6p22.1
9606,447,ASSP2,-,-,HGNC:765,2,2p22.1
9606,448,ASSP3,-,-,HGNC:766,9,9q11-q22
9606,449,ASSP4,-,-,HGNC:767,X,Xpter-p22
9606,450,ASSP5,-,-,HGNC:768,X,Xq22-q26
9606,451,ASSP6,-,-,HGNC:769,Y,Yq11.21
9606,452,ASSP7,-,-,HGNC:770,3,3q12-qter
9606,453,ASSP8,-,-,HGNC:771,4,4q31.22
9606,454,ASSP9,-,-,HGNC:772,5,5q11.2
9606,455,ASSP10,-,-,HGNC:760,5,5q32
9606,456,ASSP11,-,-,HGNC:761,7,7p15.3
9606,458,ASSP13,-,-,HGNC:763,11,11q22.3
9606,459,ASSP14,-,-,HGNC:764,12,12p11.21
9606,460,ASTN1,-,ASTN|KIAA1747,HGNC:773|MIM:600904|Ensembl:ENSG00000152092|HPRD:09019,1,1q25.2
9606,462,SERPINC1,-,AT3|ATIII|MGC22579,HGNC:775|MIM:107300|Ensembl:ENSG00000117601|HPRD:00122,1,1q23-q25.1
9606,463,ZFHX3,-,ATBF1|ATBT,HGNC:777|MIM:104155|Ensembl:ENSG00000140836|HPRD:00075,16,16q22.3-q23.
9606,465,ATD,-,-,HGNC:780|MIM:208500,12,12p12.2-p11.
9606,466,ATF1,-,EWS-ATF1|FUS/ATF-1|TREB36,HGNC:783|MIM:123803|Ensembl:ENSG00000123268|HPRD:00440,12,12q13
9606,467,ATF3,-,-,HGNC:785|MIM:603148|Ensembl:ENSG00000162772|HPRD:04395,1,1q32.3
9606,468,ATF4,-,CREB-2|CREB2|TAXREB67|TXREB,HGNC:786|MIM:604064|Ensembl:ENSG00000128272|HPRD:06817,22,22q13.1
9606,469,ATF4P1,-,ATF4P|TAXREB67P|TXREBP,HGNC:789,X,Xq28
9606,470,ATHS,-,ALP,HGNC:793|MIM:108725,19,19p13.3-p13.
9606,471,ATIC,-,AICAR|AICARFT|FLJ93545|IMPCHASE|PURH,HGNC:794|MIM:601731|Ensembl:ENSG00000138363|HPRD:03434,2,2q35
9606,472,ATM,-,AT1|ATA|ATC|ATD|ATDC|ATE|DKFZp781A0353|MGC74674|TEL1|TELO1,HGNC:795|MIM:607585|Ensembl:ENSG00000149311|HPRD:06347,11,11q22-q23
9606,473,RERE,RP11-141M15.2,ARG|ARP|ATN1L|DNB1|FLJ38775|KIAA0458,HGNC:9965|MIM:605226|Ensembl:ENSG00000142599|HPRD:05566,1,1p36.2-p36.1
9606,474,ATOH1,-,ATH1|HATH1|MATH-1|bHLHa14,HGNC:797|MIM:601461|Ensembl:ENSG00000172238|HPRD:03270,4,4q22
9606,475,ATOX1,-,ATX1|HAH1|MGC138453|MGC138455,HGNC:798|MIM:602270|Ensembl:ENSG00000177556|HPRD:03779,5,5q32
9606,476,ATP1A1,-,MGC3285|MGC51750,HGNC:799|MIM:182310|Ensembl:ENSG00000163399|HPRD:01662,1,1p21
9606,477,ATP1A2,RP11-536C5.4,FHM2|MGC59864|MHP2,HGNC:800|MIM:182340|Ensembl:ENSG00000018625|HPRD:01665,1,1q21-q23
9606,478,ATP1A3,-,DYT12|MGC13276|RDP,HGNC:801|MIM:182350|Ensembl:ENSG00000105409|HPRD:01666,19,19q13.31
9606,479,ATP12A,-,ATP1AL1,HGNC:13816|MIM:182360|Ensembl:ENSG00000075673|HPRD:01667,13,13q12.12|13q
9606,480,ATP1A4,RP11-536C5.5,ATP1A1|ATP1AL2|MGC25056,HGNC:14073|MIM:607321|Ensembl:ENSG00000132681|HPRD:09541,1,1q21-q23
9606,481,ATP1B1,-,ATP1B|MGC1798,HGNC:804|MIM:182330|Ensembl:ENSG00000143153|HPRD:01663,1,1q24
9606,482,ATP1B2,-,AMOG,HGNC:805|MIM:182331|Ensembl:ENSG00000129244|HPRD:01664,17,17p13.1
9606,483,ATP1B3,-,ATPB-3|CD298|FLJ29027,HGNC:806|MIM:601867|Ensembl:ENSG00000069849|HPRD:03521,3,3q23
9606,484,ATP1B3P1,-,-,HGNC:807,2,2p15-p13
9606,485,ATP1BL1,-,-,HGNC:809|MIM:182370,4,4p15-q13
9606,486,FXYD2,-,ATP1G1|HOMG2|MGC12372,HGNC:4026|MIM:601814|Ensembl:ENSG00000137731|HPRD:03487,11,11q23
9606,487,ATP2A1,-,ATP2A|SERCA1,HGNC:811|MIM:108730|Ensembl:ENSG00000196296|HPRD:00157,16,16p12.1
9606,488,ATP2A2,-,ATP2B|DAR|DD|DKFZp686P0211|FLJ20293|FLJ38063|MGC45367|SERCA2,HGNC:812|MIM:108740|Ensembl:ENSG00000174437|HPRD:00161,12,12q23-q24.1
9606,489,ATP2A3,-,SERCA3,HGNC:813|MIM:601929|Ensembl:ENSG00000074370|HPRD:03568,17,17p13.3
9606,490,ATP2B1,-,PMCA1|PMCA1kb,HGNC:814|MIM:108731|Ensembl:ENSG00000070961|HPRD:00158,12,12q21.3
9606,491,ATP2B2,-,PMCA2|PMCA2a|PMCA2i,HGNC:815|MIM:108733|Ensembl:ENSG00000157087|HPRD:00160,3,3p25.3
9606,492,ATP2B3,-,PMCA3|PMCA3a,HGNC:816|MIM:300014|Ensembl:ENSG00000067842|HPRD:02057,X,Xq28
9606,493,ATP2B4,-,ATP2B2|DKFZp686G08106|DKFZp686M088|MXRA1|PMCA4|PMCA4b|PMCA4x,HGNC:817|MIM:108732|Ensembl:ENSG00000058668|HPRD:00159,1,1q32.1
9606,494,ATP3,-,-,HGNC:818,-,-
9606,495,ATP4A,-,ATP6A,HGNC:819|MIM:137216|Ensembl:ENSG00000105675|HPRD:00668,19,19q13.1
9606,496,ATP4B,RP11-230F18.4,ATP6B,HGNC:820|MIM:137217|Ensembl:ENSG00000186009|HPRD:00669,13,13q34
9606,498,ATP5A1,-,ATP5A|ATP5AL2|ATPM|MOM2|OMR|ORM|hATP1,HGNC:823|MIM:164360|Ensembl:ENSG00000152234|HPRD:01258,18,18q12-q21
9606,500,ATP5AL1,-,-,HGNC:825,9,-
9606,501,ALDH7A1,-,ATQ1|EPD|FLJ11738|FLJ92814|PDE,HGNC:877|MIM:107323|Ensembl:ENSG00000164904|HPRD:00124,5,5q31
9606,503,ATP5AP1,-,-,HGNC:827,9,9p13-p12
9606,504,ATP5AP2,-,-,HGNC:828,2,-
9606,505,ATP5AP3,-,-,HGNC:829,16,-
9606,506,ATP5B,-,ATPMB|ATPSB|MGC5231,HGNC:830|MIM:102910|Ensembl:ENSG00000110955|HPRD:00044,12,12q13.13
9606,507,ATP5BL1,-,ATPMBL1|ATPSBL1,HGNC:831,2,-
9606,508,ATP5BL2,-,ATPSBL2,HGNC:832,17,-
9606,509,ATP5C1,-,ATP5C|ATP5CL1,HGNC:833|MIM:108729|Ensembl:ENSG00000165629|HPRD:00156,10,10p15.1
9606,513,ATP5D,-,-,HGNC:837|MIM:603150|Ensembl:ENSG00000099624|HPRD:04397,19,19p13.3
9606,514,ATP5E,-,ATPE|MGC104243,HGNC:838|MIM:606153|Ensembl:ENSG00000124172|HPRD:05856,20,20q13.32
9606,515,ATP5F1,-,MGC24431|PIG47,HGNC:840|MIM:603270|Ensembl:ENSG00000116459|HPRD:04467,1,1p13.2
9606,516,ATP5G1,-,ATP5A|ATP5G,HGNC:841|MIM:603192|Ensembl:ENSG00000159199|HPRD:04428,17,17q21.32
9606,517,ATP5G2,-,-,HGNC:842|MIM:603193|Ensembl:ENSG00000135390|HPRD:04429,12,12q13.13
9606,518,ATP5G3,-,MGC125738|P3,HGNC:843|MIM:602736|Ensembl:ENSG00000154518|HPRD:04112,2,2q31.1
9606,520,ATP5GP1,-,-,HGNC:844,1,1q32.2
9606,521,ATP5I,-,ATP5K|MGC12532,HGNC:846|MIM:601519|Ensembl:ENSG00000169020|HPRD:03308,4,4p16.3
9606,522,ATP5J,-,ATP5|ATP5A|ATPM|CF6|F6,HGNC:847|MIM:603152|Ensembl:ENSG00000154723|HPRD:04399,21,21q21.1
9606,523,ATP6V1A,-,ATP6A1|ATP6V1A1|HO68|VA68|VPP2|Vma1,HGNC:851|MIM:607027|Ensembl:ENSG00000114573|HPRD:06120,3,3q13.2-q13.3
9606,525,ATP6V1B1,-,ATP6B1|MGC32642|RTA1B|VATB|VMA2|VPP3,HGNC:853|MIM:192132|Ensembl:ENSG00000116039|HPRD:01887,2,2p13.1
9606,526,ATP6V1B2,-,ATP6B1B2|ATP6B2|HO57|VATB|VPP3|Vma2,HGNC:854|MIM:606939|Ensembl:ENSG00000147416|HPRD:06088,8,8p22-p21
9606,527,ATP6V0C,-,ATP6C|ATP6L|ATPL|VATL|Vma3,HGNC:855|MIM:108745|Ensembl:ENSG00000185883|HPRD:00162,16,16p13.3
9606,528,ATP6V1C1,-,ATP6C|ATP6D|FLJ20057|VATC|Vma5,HGNC:856|MIM:603097|Ensembl:ENSG00000155097|HPRD:04371,8,8q22.3
9606,529,ATP6V1E1,-,ATP6E|ATP6E2|ATP6V1E|P31|Vma4,HGNC:857|MIM:108746|Ensembl:ENSG00000131100|HPRD:00163,22,22pter-q11.2
9606,531,ATP6V1EP1,-,ATP6EP1,HGNC:859,1,1p34.2
9606,532,ATP6V1EP2,-,ATP6EP2,HGNC:860,-,-
9606,533,ATP6V0B,-,ATP6F|HATPL|VMA16,HGNC:861|MIM:603717|Ensembl:ENSG00000117410|HPRD:04759,1,1p32.3
9606,534,ATP6V1G2,DADB-26I14.6,ATP6G|ATP6G2|NG38|VMA10,HGNC:862|MIM:606853|Ensembl:ENSG00000213760|HPRD:06030,6,6p21.3
9606,535,ATP6V0A1,-,ATP6N1|ATP6N1A|DKFZp781J1951|Stv1|VPP1|Vph1|a1,HGNC:865|MIM:192130|Ensembl:ENSG00000033627|HPRD:01886,17,17q21
9606,537,ATP6AP1,XX-FW83563B9.4,16A|ATP6IP1|ATP6S1|Ac45|CF2|MGC129781|VATPS1|XAP-3|XAP3,HGNC:868|MIM:300197|Ensembl:ENSG00000071553|HPRD:02184,X,Xq28
9606,538,ATP7A,RP3-465G10.1,FLJ17790|MK|MNK,HGNC:869|MIM:300011|Ensembl:ENSG00000165240|HPRD:02054,X,Xq13.2-q13.3
9606,539,ATP5O,-,ATPO|OSCP,HGNC:850|MIM:600828|Ensembl:ENSG00000159186|HPRD:02899,21,21q22.1-q22.
9606,540,ATP7B,RP11-327P2.3,PWD|WC1|WD|WND,HGNC:870|MIM:606882|Ensembl:ENSG00000123191|HPRD:06050,13,13q14.3
9606,541,ALDH7A1P1,-,ATQL1,HGNC:878,5,5q14
9606,542,ATQL2,-,-,HGNC:879,-,-
9606,543,ATQL3,-,-,HGNC:880,7,7q36
9606,544,ATQL4,-,-,HGNC:881,10,10q21
9606,545,ATR,-,FRP1|MEC1|SCKL|SCKL1,HGNC:882|MIM:601215|Ensembl:ENSG00000175054|HPRD:08369,3,3q22-q24
9606,546,ATRX,RP5-875J14.1,ATR2|MGC2094|MRXHF1|RAD54|RAD54L|SFM1|SHS|XH2|XNP|ZNF-HX,HGNC:886|MIM:300032|Ensembl:ENSG00000085224|HPRD:02069,X,Xq13.1-q21.1
9606,547,KIF1A,-,ATSV|C2orf20|DKFZp686I2094|FLJ30229|HUNC-104|MGC133285|MGC133286|UNC104,HGNC:888|MIM:601255|HPRD:03156,2,2q37.3
9606,549,AUH,-,-,HGNC:890|MIM:600529|Ensembl:ENSG00000148090|HPRD:08987,9,9q22.31
9606,550,AUP1,-,-,HGNC:891|MIM:602434|Ensembl:ENSG00000115307|HPRD:03892,2,2p13
9606,551,AVP,-,ADH|ARVP|AVP-NPII|AVRP|VP,HGNC:894|MIM:192340|Ensembl:ENSG00000101200|HPRD:01891,20,20p13
9606,552,AVPR1A,-,AVPR1,HGNC:895|MIM:600821|Ensembl:ENSG00000166148|HPRD:02894,12,12q14-q15
9606,553,AVPR1B,-,AVPR3,HGNC:896|MIM:600264|Ensembl:ENSG00000198049|HPRD:02600,1,1q32
9606,554,AVPR2,-,ADHR|DI1|DIR|DIR3|MGC126533|MGC138386|NDI|V2R,HGNC:897|MIM:300538|Ensembl:ENSG00000126895|HPRD:02368,X,Xq28
9606,558,AXL,-,JTK11|UFO,HGNC:905|MIM:109135|Ensembl:ENSG00000167601|HPRD:00171,19,19q13.1
9606,559,AXPC1,-,PCA|PCARP,HGNC:906|MIM:609033,1,1q31-q32
9606,561,AZF2,-,-,HGNC:909,Y,-
9606,563,AZGP1,-,ZA2G|ZAG,HGNC:910|MIM:194460|Ensembl:ENSG00000160862|HPRD:01910,7,7q22.1
9606,566,AZU1,-,AZAMP|AZU|CAP37|HBP|HUMAZUR|NAZC,HGNC:913|MIM:162815|Ensembl:ENSG00000172232|HPRD:01221,19,19p13.3
9606,567,B2M,-,-,HGNC:914|MIM:109700|Ensembl:ENSG00000166710|HPRD:00189,15,15q21-q22.2
9606,568,B2MR,-,-,HGNC:915|MIM:109710,15,15q13-q15
9606,570,BAAT,-,BACAT|BAT|FLJ20300|MGC104432,HGNC:932|MIM:602938|Ensembl:ENSG00000136881|HPRD:08376,9,9q22.3
9606,571,BACH1,-,-,HGNC:935|MIM:602751|Ensembl:ENSG00000156273|HPRD:04127,21,21q22.11
9606,572,BAD,-,BBC2|BCL2L8,HGNC:936|MIM:603167|Ensembl:ENSG00000002330|HPRD:04409,11,11q13.1
9606,573,BAG1,-,RAP46,HGNC:937|MIM:601497|Ensembl:ENSG00000107262|HPRD:03292,9,9p12
9606,574,BAGE,-,BAGE1,HGNC:942|MIM:605167|HPRD:05523,21,21p11.1
9606,575,BAI1,-,FLJ41988,HGNC:943|MIM:602682|HPRD:04062,8,8q24
9606,576,BAI2,-,-,HGNC:944|MIM:602683|Ensembl:ENSG00000121753|HPRD:04063,1,1p35
9606,577,BAI3,-,KIAA0550|MGC133100,HGNC:945|MIM:602684|Ensembl:ENSG00000135298|HPRD:04064,6,6q12
9606,578,BAK1,-,BAK|BAK-LIKE|BCL2L7|CDN1|MGC117255|MGC3887,HGNC:949|MIM:600516|Ensembl:ENSG00000030110|HPRD:02744,6,6p21.3
9606,579,NKX3-2,-,BAPX1|MGC138171|NKX3.2|NKX3B,HGNC:951|MIM:602183|Ensembl:ENSG00000109705|HPRD:09075,4,4p16.1
9606,580,BARD1,-,-,HGNC:952|MIM:601593|Ensembl:ENSG00000138376|HPRD:03354,2,2q34-q35
9606,581,BAX,-,BCL2L4,HGNC:959|MIM:600040|Ensembl:ENSG00000087088|HPRD:02498,19,19q13.3-q13.
9606,582,BBS1,-,BBS2L2|FLJ23590|MGC126183|MGC126184|MGC51114,HGNC:966|MIM:209901|Ensembl:ENSG00000174483|HPRD:01950,11,11q13.1
9606,583,BBS2,-,BBS|MGC20703,HGNC:967|MIM:606151|Ensembl:ENSG00000125124|HPRD:05855,16,16q21
9606,585,BBS4,-,-,HGNC:969|MIM:600374|Ensembl:ENSG00000140463|HPRD:08982,15,15q22.3-q23
9606,586,BCAT1,-,BCT1|DKFZp686E12175|ECA39|MECA39|PNAS-121|PP18,HGNC:976|MIM:113520|Ensembl:ENSG00000060982|HPRD:00216,12,12p12.1
9606,587,BCAT2,-,BCAM|BCT2,HGNC:977|MIM:113530|Ensembl:ENSG00000105552|HPRD:00217,19,19q13
9606,590,BCHE,-,CHE1|E1,HGNC:983|MIM:177400|Ensembl:ENSG00000114200|HPRD:01519,3,3q26.1-q26.2
9606,593,BCKDHA,-,BCKDE1A|FLJ45695|MSU|MSUD1|OVD1A,HGNC:986|MIM:608348|Ensembl:ENSG00000142046|HPRD:02009,19,19q13.1-q13.
9606,594,BCKDHB,-,E1B|FLJ17880|dJ279A18.1,HGNC:987|MIM:248611|Ensembl:ENSG00000083123|HPRD:02011,6,6q13-q15
9606,595,CCND1,-,BCL1|D11S287E|PRAD1|U21B31,HGNC:1582|MIM:168461|Ensembl:ENSG00000110092|HPRD:01346,11,11q13
9606,596,BCL2,-,Bcl-2,HGNC:990|MIM:151430|Ensembl:ENSG00000171791|HPRD:01045,18,18q21.33|18q
9606,597,BCL2A1,-,ACC-1|ACC-2|BCL2L5|BFL1|GRS|HBPA1,HGNC:991|MIM:601056|Ensembl:ENSG00000140379|HPRD:03034,15,15q24.3
9606,598,BCL2L1,-,BCL-XL/S|BCL2L|BCLX|Bcl-X|DKFZp781P2092|bcl-xL|bcl-xS,HGNC:992|MIM:600039|Ensembl:ENSG00000171552|HPRD:02497,20,20q11.21
9606,599,BCL2L2,-,BCL-W|BCLW|KIAA0271,HGNC:995|MIM:601931|Ensembl:ENSG00000129473|HPRD:03569,14,14q11.2-q12
9606,600,BCL2L7P1,-,BAK2|Bak-2|DKFZp686D0345,HGNC:996,20,20q11.21
9606,601,BCL2L7P2,-,BAK3|BAK3P,HGNC:997,11,11q24.3
9606,602,BCL3,-,BCL4|D19S37,HGNC:998|MIM:109560|Ensembl:ENSG00000069399|HPRD:00179,19,19q13.1-q13.
9606,603,BCL5,-,-,HGNC:1000|MIM:151441,17,17q23.2
9606,604,BCL6,-,BCL5|BCL6A|LAZ3|ZBTB27|ZNF51,HGNC:1001|MIM:109565|Ensembl:ENSG00000113916|HPRD:00180,3,3q27
9606,605,BCL7A,-,BCL7,HGNC:1004|MIM:601406|Ensembl:ENSG00000110987|HPRD:03243,12,12q24.13
9606,606,BCL8,-,BCL8A,HGNC:1007|MIM:601889,15,15q11-q13
9606,607,BCL9,-,LGS|MGC131591,HGNC:1008|MIM:602597|Ensembl:ENSG00000116128|HPRD:04000,1,1q21
9606,608,TNFRSF17,-,BCM|BCMA|CD269,HGNC:11913|MIM:109545|Ensembl:ENSG00000048462|HPRD:00144,16,16p13.1
9606,610,HCN2,-,BCNG-2|BCNG2|HAC-1,HGNC:4846|MIM:602781|Ensembl:ENSG00000099822|HPRD:07213,19,19p13.3
9606,611,OPN1SW,-,BCP|BOP|CBT,HGNC:1012|MIM:190900|Ensembl:ENSG00000128617|HPRD:01836,7,7q32.1
9606,613,BCR,-,ALL|BCR-ABL1|BCR1|CML|D22S11|D22S662|FLJ16453|PHL,HGNC:1014|MIM:151410|Ensembl:ENSG00000186716|HPRD:01044,22,22q11|22q11.
9606,614,BCRL2,-,BCR2,HGNC:1015|MIM:113630,22,22q11
9606,615,BCRL3,-,BCR3,HGNC:1016|MIM:113640,22,22q11
9606,616,BCRL4,-,BCR4,HGNC:1017|MIM:113660,22,22q11|22q11.
9606,617,BCS1L,-,BCS|BCS1|BJS|FLNMS|GRACILE|Hs.6719|PTD|h-BCS,HGNC:1020|MIM:603647|Ensembl:ENSG00000074582|HPRD:04708,2,2q33
9606,618,BCYRN1,-,BC200|BC200a|NCRNA00004,HGNC:1022|MIM:606089,2,2p21
9606,619,BCYRN1P1,-,BC200b,HGNC:1023,X,Xq27.1
9606,620,BCYRN1P2,-,BC200g,HGNC:1024,1,1q42
9606,622,BDH1,-,BDH|MGC2723|MGC4347|MGC9788,HGNC:1027|MIM:603063|Ensembl:ENSG00000161267|HPRD:04344,3,3q29
9606,623,BDKRB1,-,B1BKR|B1R|BKB1R|BKR1|BRADYB1,HGNC:1029|MIM:600337|Ensembl:ENSG00000100739|HPRD:02639,14,14q32.1-q32.
9606,624,BDKRB2,-,B2R|BK-2|BK2|BKR2|BRB2|DKFZp686O088,HGNC:1030|MIM:113503|Ensembl:ENSG00000168398|HPRD:00213,14,14q32.1-q32.
9606,625,BDM,-,-,HGNC:1031,X,-
9606,626,BDMR,-,AHO3,HGNC:1032|MIM:600430,2,2q37
9606,627,BDNF,-,MGC34632,HGNC:1033|MIM:113505|Ensembl:ENSG00000176697|HPRD:00214,11,11p13
9606,628,BEVI,-,-,HGNC:1035|MIM:109180,6,-
9606,629,CFB,DADB-122G4.5,BF|BFD|CFAB|FB|FBI12|GBG|H2-Bf|PBF2,HGNC:1037|MIM:138470|Ensembl:ENSG00000204359|HPRD:00718,6,6p21.3
9606,631,BFSP1,RP4-531H16.2,CP115|CP94|FILENSIN|LIFL-H,HGNC:1040|MIM:603307|Ensembl:ENSG00000125864|HPRD:04494,20,20p11.23-p12
9606,632,BGLAP,RP11-54H19.5,BGP|OC|PMF1,HGNC:1043|MIM:112260|Ensembl:ENSG00000160783|HPRD:00205,1,1q25-q31
9606,633,BGN,-,DSPG1|PG-S1|PGI|SLRR1A,HGNC:1044|MIM:301870|Ensembl:ENSG00000182492|HPRD:02359,X,Xq28
9606,634,CEACAM1,-,BGP|BGP1|BGPI,HGNC:1814|MIM:109770|Ensembl:ENSG00000079385|HPRD:00191,19,19q13.2
9606,635,BHMT,-,-,HGNC:1047|MIM:602888|Ensembl:ENSG00000145692|HPRD:04200,5,5q13.1-q15
9606,636,BICD1,-,BICD,HGNC:1049|MIM:602204|Ensembl:ENSG00000151746|HPRD:03730,12,12p11.2-p11.
9606,637,BID,-,FP497|MGC15319|MGC42355,HGNC:1050|MIM:601997|Ensembl:ENSG00000015475|HPRD:03590,22,22q11.1
9606,638,BIK,-,BIP1|BP4|NBK,HGNC:1051|MIM:603392|Ensembl:ENSG00000100290|HPRD:04547,22,22q13.31
9606,639,PRDM1,RP1-134E15.1,BLIMP1|MGC118922|MGC118923|MGC118924|MGC118925|PRDI-BF1,HGNC:9346|MIM:603423|Ensembl:ENSG00000057657|HPRD:04572,6,6q21-q22.1
9606,640,BLK,-,MGC10442,HGNC:1057|MIM:191305|Ensembl:ENSG00000136573|HPRD:01866,8,8p23-p22
9606,641,BLM,-,BS|MGC126616|MGC131618|MGC131620|RECQ2|RECQL2|RECQL3,HGNC:1058|MIM:604610|Ensembl:ENSG00000197299|HPRD:05211,15,15q26.1
9606,642,BLMH,-,BH|BMH,HGNC:1059|MIM:602403|Ensembl:ENSG00000108578|HPRD:03870,17,17q11.2
9606,643,CXCR5,-,BLR1|CD185|MDR15|MGC117347,HGNC:1060|MIM:601613|Ensembl:ENSG00000160683|HPRD:03367,11,11q23.3
9606,644,BLVRA,-,BLVR|BVR|BVRA,HGNC:1062|MIM:109750|Ensembl:ENSG00000106605|HPRD:11229,7,7p14-cen
9606,645,BLVRB,-,BVRB|FLR|MGC117413,HGNC:1063|MIM:600941|Ensembl:ENSG00000090013|HPRD:02967,19,19q13.1-q13.
9606,646,BNC1,-,BNC|BSN1|HsT19447,HGNC:1081|MIM:601930|Ensembl:ENSG00000169594|HPRD:11799,15,15q25.2
9606,648,BMI1,RP11-573G6.1,MGC12685|PCGF4|RNF51,HGNC:1066|MIM:164831|Ensembl:ENSG00000168283|HPRD:01277,10,10p11.23
9606,649,BMP1,-,FLJ44432|PCOLC|PCP|TLD|pCP-2,HGNC:1067|MIM:112264|Ensembl:ENSG00000168487|HPRD:00209,8,8p21.3
9606,650,BMP2,-,BMP2A,HGNC:1069|MIM:112261|Ensembl:ENSG00000125845|HPRD:00206,20,20p12
9606,651,BMP3,-,BMP-3A,HGNC:1070|MIM:112263|Ensembl:ENSG00000152785|HPRD:00208,4,4q21
9606,652,BMP4,-,BMP2B|BMP2B1|MCOPS6|ZYME,HGNC:1071|MIM:112262|Ensembl:ENSG00000125378|HPRD:00207,14,14q22-q23
9606,653,BMP5,-,MGC34244,HGNC:1072|MIM:112265|Ensembl:ENSG00000112175|HPRD:00210,6,6p12.1
9606,654,BMP6,-,VGR|VGR1,HGNC:1073|MIM:112266|Ensembl:ENSG00000153162|HPRD:00211,6,6p24-p23
9606,655,BMP7,-,OP-1,HGNC:1074|MIM:112267|Ensembl:ENSG00000101144|HPRD:00212,20,20q13
9606,656,BMP8B,-,BMP8|MGC131757|OP2,HGNC:1075|MIM:602284|Ensembl:ENSG00000116985|HPRD:03792,1,1p35-p32
9606,657,BMPR1A,-,ACVRLK3|ALK3|CD292,HGNC:1076|MIM:601299|Ensembl:ENSG00000107779|HPRD:03192,10,10q22.3
9606,658,BMPR1B,-,ALK-6|ALK6|CDw293,HGNC:1077|MIM:603248|Ensembl:ENSG00000138696|HPRD:04457,4,4q22-q24
9606,659,BMPR2,-,BMPR-II|BMPR3|BMR2|BRK-3|FLJ41585|FLJ76945|PPH1|T-ALK,HGNC:1078|MIM:600799|Ensembl:ENSG00000204217|HPRD:02880,2,2q33-q34
9606,660,BMX,-,ETK|PSCTK2|PSCTK3,HGNC:1079|MIM:300101|Ensembl:ENSG00000102010|HPRD:02111,X,Xp22.2
9606,661,POLR3D,-,BN51T|RPC4|RPC53|TSBN51,HGNC:1080|MIM:187280|Ensembl:ENSG00000168495|HPRD:01755,8,8q21
9606,662,BNIP1,-,NIP1|SEC20|TRG-8,HGNC:1082|MIM:603291|Ensembl:ENSG00000113734|HPRD:04480,5,5q33-q34
9606,663,BNIP2,-,BNIP-2|NIP2,HGNC:1083|MIM:603292|Ensembl:ENSG00000140299|HPRD:04481,15,15q22.2
9606,664,BNIP3,-,NIP3,HGNC:1084|MIM:603293|Ensembl:ENSG00000176171|HPRD:04482,10,10q26.3
9606,665,BNIP3L,-,BNIP3a|NIX,HGNC:1085|MIM:605368|Ensembl:ENSG00000104765|HPRD:07288,8,8p21
9606,666,BOK,-,BCL2L9|BOKL|MGC4631,HGNC:1087|MIM:605404|Ensembl:ENSG00000176720|HPRD:05657,2,2q37.3
9606,667,DST,RP3-361I14.2,BP240|BPA|BPAG1|CATX-15|D6S1101|DKFZp564B2416|DMH|DT|FLJ46791|KIAA0465|KIAA1470|MACF2,HGNC:1090|MIM:113810|Ensembl:ENSG00000151914|HPRD:00222,6,6p12.1
9606,668,FOXL2,-,BPES|BPES1|PFRK|PINTO|POF3,HGNC:1092|MIM:605597|Ensembl:ENSG00000183770|HPRD:05723,3,3q23
9606,669,BPGM,-,-,HGNC:1093|MIM:222800|Ensembl:ENSG00000172331|HPRD:01961,7,7q31-q34
9606,670,BPHL,-,Bph-rp|MCNAA|MGC125930|MGC41865,HGNC:1094|MIM:603156|Ensembl:ENSG00000137274|HPRD:04403,6,6p25
9606,671,BPI,RP13-218F6_A.1,-,HGNC:1095|MIM:109195|Ensembl:ENSG00000101425|HPRD:00174,20,20q11.23-q12
9606,672,BRCA1,-,BRCAI|BRCC1|IRIS|PSCP|RNF53,HGNC:1100|MIM:113705|Ensembl:ENSG00000012048|HPRD:00218,17,17q21
9606,673,BRAF,-,B-RAF1|BRAF1|FLJ95109|MGC126806|MGC138284|RAFB1,HGNC:1097|MIM:164757|Ensembl:ENSG00000157764|HPRD:01264,7,7q34
9606,675,BRCA2,RP11-298P3.4,BRCC2|FACD|FAD|FAD1|FANCB|FANCD|FANCD1,HGNC:1101|MIM:600185|Ensembl:ENSG00000139618|HPRD:02554,13,13q12.3
9606,676,BRDT,-,BRD6,HGNC:1105|MIM:602144|Ensembl:ENSG00000137948|HPRD:03684,1,1p22.1
9606,677,ZFP36L1,-,BRF1|Berg36|ERF-1|ERF1|RNF162B|TIS11B|cMG1,HGNC:1107|MIM:601064|Ensembl:ENSG00000185650|HPRD:03041,14,14q22-q24
9606,678,ZFP36L2,-,BRF2|ERF-2|ERF2|RNF162C|TIS11D,HGNC:1108|MIM:612053|Ensembl:ENSG00000152518|HPRD:18319,2,2p22.3-p21
9606,680,BRS3,RP1-196E23.3,-,HGNC:1113|MIM:300107|Ensembl:ENSG00000102239|HPRD:02116,X,Xq26-q28
9606,682,BSG,-,5F7|CD147|EMMPRIN|M6|OK|TCSF,HGNC:1116|MIM:109480|Ensembl:ENSG00000172270|HPRD:00176,19,19p13.3
9606,683,BST1,-,CD157,HGNC:1118|MIM:600387|Ensembl:ENSG00000109743|HPRD:02665,4,4p15
9606,684,BST2,-,CD317,HGNC:1119|MIM:600534|Ensembl:ENSG00000130303|HPRD:02759,19,19p13.2
9606,685,BTC,-,-,HGNC:1121|MIM:600345|Ensembl:ENSG00000174808|HPRD:02643,4,4q13-q21
9606,686,BTD,-,-,HGNC:1122|MIM:609019|Ensembl:ENSG00000169814|HPRD:08359,3,3p25
9606,687,KLF9,-,BTEB|BTEB1,HGNC:1123|MIM:602902|Ensembl:ENSG00000119138|HPRD:04211,9,9q13
9606,688,KLF5,-,BTEB2|CKLF|IKLF,HGNC:6349|MIM:602903|Ensembl:ENSG00000102554|HPRD:04212,13,13q22.1
9606,689,BTF3,-,BETA-NAC|BTF3a|BTF3b|NACB,HGNC:1125|MIM:602542|Ensembl:ENSG00000145741|HPRD:03966,5,5q13.2
9606,690,BTF3L1,-,HUMBTFB|OCIF|OPG|TNFRSF11B,HGNC:1126|MIM:602543,13,13q22
9606,693,BTF3P1,-,HUMBTFA,HGNC:1129,8,8q11.22
9606,694,BTG1,-,-,HGNC:1130|MIM:109580|Ensembl:ENSG00000133639|HPRD:15912,12,12q22
9606,695,BTK,RP1-164F3.2,AGMX1|AT|ATK|BPK|IMD1|MGC126261|MGC126262|PSCTK1|XLA,HGNC:1133|MIM:300300|Ensembl:ENSG00000010671|HPRD:02248,X,Xq21.33-q22
9606,696,BTN1A1,-,BT|BTN,HGNC:1135|MIM:601610|Ensembl:ENSG00000124557|HPRD:03365,6,6p22.1
9606,698,BTS1,-,-,HGNC:1147,-,-
9606,699,BUB1,-,BUB1A|BUB1L|hBUB1,HGNC:1148|MIM:602452|Ensembl:ENSG00000169679|HPRD:03907,2,2q14
9606,700,BVR1,-,-,HGNC:1153,8,8q24
9606,701,BUB1B,-,BUB1beta|BUBR1|Bub1A|MAD3L|SSK1|hBUBR1,HGNC:1149|MIM:602860|Ensembl:ENSG00000156970|HPRD:04176,15,15q15
9606,705,BYSL,-,BYSTIN,HGNC:1157|MIM:603871|Ensembl:ENSG00000112578|HPRD:04848,6,6p21.1
9606,706,TSPO,-,BZRP|DBI|IBP|MBR|PBR|PKBS|PTBR|mDRC|pk18,HGNC:1158|MIM:109610|Ensembl:ENSG00000100300|HPRD:15913,22,22q13.31
9606,708,C1QBP,-,GC1QBP|HABP1|SF2p32|gC1Q-R|gC1qR|p32,HGNC:1243|MIM:601269|Ensembl:ENSG00000108561|HPRD:03168,17,17p13.3
9606,709,C1HR,-,-,HGNC:1227,X,-
9606,710,SERPING1,-,C1IN|C1INH|C1NH|HAE1|HAE2,HGNC:1228|MIM:606860|Ensembl:ENSG00000149131|HPRD:06033,11,11q12-q13.1
9606,711,C3orf51,-,C1orf1|Po42,HGNC:1229|HPRD:04924,1,-
9606,712,C1QA,-,-,HGNC:1241|MIM:120550|Ensembl:ENSG00000173372|HPRD:00393,1,1p36.12
9606,713,C1QB,-,-,HGNC:1242|MIM:120570|Ensembl:ENSG00000173369|HPRD:00394,1,1p36.12
9606,714,C1QC,-,C1Q-C|C1QG|FLJ27103,HGNC:1245|MIM:120575|Ensembl:ENSG00000159189|HPRD:00395,1,1p36.11
9606,715,C1R,-,-,HGNC:1246|MIM:216950|HPRD:01954,12,12p13
9606,716,C1S,-,FLJ44757,HGNC:1247|MIM:120580|Ensembl:ENSG00000182326|HPRD:00397,12,12p13
9606,717,C2,DADB-122G4.1,CO2|DKFZp779M0311,HGNC:1248|MIM:217000|Ensembl:ENSG00000204364|HPRD:08939,6,6p21.3
9606,718,C3,-,ARMD9|ASP|CPAMD1,HGNC:1318|MIM:120700|Ensembl:ENSG00000125730|HPRD:00400,19,19p13.3-p13.
9606,719,C3AR1,-,AZ3B|C3AR|HNFAG09,HGNC:1319|MIM:605246|Ensembl:ENSG00000171860|HPRD:05581,12,12p13.31
9606,720,C4A,DAQB-124C11.1,C4|C4A2|C4A3|C4A4|C4A6|C4S|CO4|CPAMD2|MGC164979|RG,HGNC:1323|MIM:120810|Ensembl:ENSG00000204319|HPRD:00401,6,6p21.3
9606,721,C4B,XXbac-BPG116M5.7,C4A|C4A13|C4A91|C4B1|C4B12|C4B2|C4B3|C4B5|C4F|CH|CO4|CPAMD3|MGC164979,HGNC:1324|MIM:120820|Ensembl:ENSG00000204342|HPRD:00402|HPRD:18631,6,6p21.3
9606,722,C4BPA,RP11-164O23.4,C4BP|PRP,HGNC:1325|MIM:120830|Ensembl:ENSG00000123838|HPRD:00403,1,1q32
9606,724,C4BPAL2,-,-,HGNC:1327,1,1q32
9606,725,C4BPB,-,C4BP,HGNC:1328|MIM:120831|Ensembl:ENSG00000123843|HPRD:00404,1,1q32
9606,726,CAPN5,-,FLJ46245|HTRA3|nCL-3,HGNC:1482|MIM:602537|Ensembl:ENSG00000149260|HPRD:03963,11,11q14
9606,727,C5,-,CPAMD4|FLJ17816|FLJ17822|MGC142298,HGNC:1331|MIM:120900|Ensembl:ENSG00000106804|HPRD:00405,9,9q33-q34
9606,728,C5AR1,-,C5A|C5AR|C5R1|CD88,HGNC:1338|MIM:113995|Ensembl:ENSG00000197405|HPRD:00224,19,19q13.3-q13.
9606,729,C6,-,-,HGNC:1339|MIM:217050|Ensembl:ENSG00000039537|HPRD:01956,5,5p13
9606,730,C7,-,-,HGNC:1346|MIM:217070|Ensembl:ENSG00000112936|HPRD:01957,5,5p13
9606,731,C8A,-,-,HGNC:1352|MIM:120950|Ensembl:ENSG00000157131|HPRD:00409,1,1p32
9606,732,C8B,-,MGC163447,HGNC:1353|MIM:120960|Ensembl:ENSG00000021852|HPRD:00410,1,1p32
9606,733,C8G,RP11-229P13.14,C8C|MGC142186,HGNC:1354|MIM:120930|Ensembl:ENSG00000176919|HPRD:00407,9,9q34.3
9606,734,OSGIN2,-,C8orf1|hT41,HGNC:1355|MIM:604598|Ensembl:ENSG00000164823|HPRD:06853,8,8q21
9606,735,C9,-,-,HGNC:1358|MIM:120940|Ensembl:ENSG00000113600|HPRD:00408,5,5p14-p12
9606,738,C11orf2,-,ANG2,HGNC:1172|Ensembl:ENSG00000149823|HPRD:12605,11,11q13
9606,739,C11orf3,-,ANG3,HGNC:1175,11,11q13
9606,740,MRPL49,-,C11orf4|L49mt|MGC10656|NOF|NOF1,HGNC:1176|MIM:606866|Ensembl:ENSG00000149792|HPRD:06037,11,11q13
9606,741,ZNHIT2,-,C11orf5|FON|MGC120285|MGC120286,HGNC:1177|MIM:604575|Ensembl:ENSG00000174276|HPRD:05200,11,11q13
9606,742,C11orf6,-,NON,HGNC:1178,11,11q13
9606,744,MPPED2,-,239FB|C11orf8|D11S302E|FAM1B|Hs.46638|dJ1024C24.1|dJ873F21.1,HGNC:1180|MIM:600911|Ensembl:ENSG00000066382|HPRD:02947,11,11p13
9606,745,C11orf9,-,KIAA0954|MGC10781,HGNC:1181|MIM:608329|Ensembl:ENSG00000124920|HPRD:12213,11,11q12-q13.1
9606,746,C11orf10,-,-,HGNC:1164|Ensembl:ENSG00000134825|HPRD:12602,11,11q12-q13.1
9606,747,DAGLA,-,C11orf11|DAGL(ALPHA)|DAGLALPHA|NSDDR,HGNC:1165|Ensembl:ENSG00000134780|HPRD:07092,11,11q12.2
9606,749,C16orf2,-,-,HGNC:1196,16,-
9606,750,C16orf3,-,MGC132509,HGNC:1197|MIM:605179|Ensembl:ENSG00000183591|HPRD:05534,16,16q24.3
9606,752,FMNL1,-,C17orf1|C17orf1B|FHOD4|FMNL|KW-13|MGC133052|MGC1894|MGC21878,HGNC:1212|MIM:604656|Ensembl:ENSG00000184922|HPRD:06876,17,17q21
9606,753,C18orf1,-,-,HGNC:1224|MIM:606571|Ensembl:ENSG00000168675|HPRD:07358,18,18p11.2
9606,754,PTTG1IP,-,C21orf1|C21orf3|PBF,HGNC:13524|MIM:603784|Ensembl:ENSG00000183255|HPRD:04807,21,21q22.3
9606,755,C21orf2,-,A2|YF5,HGNC:1260|MIM:603191|Ensembl:ENSG00000160226,21,21q22.3
9606,757,TMEM50B,-,C21orf4|DKFZp686C2482|FLJ26146|HCVP7TP3,HGNC:1280|Ensembl:ENSG00000142188|HPRD:10747,21,21q22.11
9606,758,MPPED1,RP4-754E20__B.2,239AB|C22orf1|FAM1A|MGC88045,HGNC:1306|MIM:602112|HPRD:03663,22,22q13.31
9606,759,CA1,-,Car1,HGNC:1368|MIM:114800|Ensembl:ENSG00000133742|HPRD:00265,8,8q13-q22.1
9606,760,CA2,-,CA-II|CAII|Car2,HGNC:1373|MIM:611492|Ensembl:ENSG00000104267|HPRD:02023,8,8q22
9606,761,CA3,-,CAIII|Car3,HGNC:1374|MIM:114750|Ensembl:ENSG00000164879|HPRD:00260,8,8q13-q22
9606,762,CA4,-,CAIV|Car4|RP17,HGNC:1375|MIM:114760|Ensembl:ENSG00000167434|HPRD:00261,17,17q23
9606,763,CA5A,-,CA5|CAV|CAVA,HGNC:1377|MIM:114761|Ensembl:ENSG00000174990|HPRD:00262,16,16q24.3
9606,764,CA5P,-,-,HGNC:1379,16,16p12-p11.2
9606,765,CA6,RP3-477M7.7,GUSTIN|MGC21256,HGNC:1380|MIM:114780|Ensembl:ENSG00000131686|HPRD:00264,1,1p36.2
9606,766,CA7,-,CAVII,HGNC:1381|MIM:114770|Ensembl:ENSG00000168748|HPRD:00263,16,16q22.1
9606,767,CA8,-,CA-VIII|CALS|CARP|MGC120502|MGC99509,HGNC:1382|MIM:114815|Ensembl:ENSG00000178538|HPRD:00266,8,8q11-q12
9606,768,CA9,-,CAIX|MN,HGNC:1383|MIM:603179|Ensembl:ENSG00000107159|HPRD:04417,9,9p13-p12
9606,770,CA11,-,CARP2|CARPX1,HGNC:1370|MIM:604644|Ensembl:ENSG00000063180|HPRD:05225,19,19q13.3
9606,771,CA12,-,CAXII|FLJ20151|HsT18816,HGNC:1371|MIM:603263|Ensembl:ENSG00000074410|HPRD:04464,15,15q22
9606,772,CACD,-,-,HGNC:1387|MIM:215500,17,17p
9606,773,CACNA1A,-,APCA|CACNL1A4|CAV2.1|EA2|FHM|HPCA|MHP|MHP1|SCA6,HGNC:1388|MIM:601011|HPRD:03004,19,19p13.2-p13.
9606,774,CACNA1B,-,BIII|CACNL1A5|CACNN|Cav2.2,HGNC:1389|MIM:601012|HPRD:03005,9,9q34
9606,775,CACNA1C,-,CACH2|CACN2|CACNL1A1|CCHL1A1|CaV1.2|MGC120730|TS,HGNC:1390|MIM:114205|HPRD:00246,12,12p13.3
9606,776,CACNA1D,-,CACH3|CACN4|CACNL1A2|CCHL1A2|Cav1.3,HGNC:1391|MIM:114206|Ensembl:ENSG00000157388|HPRD:00247,3,3p14.3
9606,777,CACNA1E,-,BII|CACH6|CACNL1A6|Cav2.3,HGNC:1392|MIM:601013|HPRD:03006,1,1q25-q31
9606,778,CACNA1F,-,AIED|COD3|CORDX|CORDX3|CSNB2|CSNB2A|CSNBX2|Cav1.4|JM8|JMC8|OA2,HGNC:1393|MIM:300110|Ensembl:ENSG00000102001|HPRD:02119,X,Xp11.23
9606,779,CACNA1S,-,CACNL1A3|CCHL1A3|Cav1.1|HOKPP|MHS5|hypoPP,HGNC:1397|MIM:114208|Ensembl:ENSG00000081248|HPRD:00248,1,1q32
9606,780,DDR1,DADB-160J14.2,CAK|CD167|DDR|EDDR1|MCK10|NEP|NTRK4|PTK3|PTK3A|RTK6|TRKE,HGNC:2730|MIM:600408|Ensembl:ENSG00000204580|HPRD:02678,6,6p21.3
9606,781,CACNA2D1,-,CACNA2|CACNL2A|CCHL2A|MHS3,HGNC:1399|MIM:114204|Ensembl:ENSG00000153956|HPRD:00245,7,7q21-q22
9606,782,CACNB1,-,CAB1|CACNLB1|CCHLB1|MGC41896,HGNC:1401|MIM:114207|Ensembl:ENSG00000067191|HPRD:11743,17,17q21-q22
9606,783,CACNB2,RP11-383B4.2,CACNLB2|CAVB2|FLJ23743|MYSB,HGNC:1402|MIM:600003|Ensembl:ENSG00000165995|HPRD:02473,10,10p12
9606,784,CACNB3,-,CACNLB3,HGNC:1403|MIM:601958|Ensembl:ENSG00000167535|HPRD:11879,12,12q13
9606,785,CACNB4,-,CAB4|CACNLB4|EA5|EJM,HGNC:1404|MIM:601949|Ensembl:ENSG00000182389|HPRD:09057,2,2q22-q23
9606,786,CACNG1,-,CACNLG,HGNC:1405|MIM:114209|Ensembl:ENSG00000108878|HPRD:00249,17,17q24
9606,788,SLC25A20,-,CAC|CACT,HGNC:1421|MIM:212138|Ensembl:ENSG00000178537|HPRD:01953,3,3p21.31
9606,789,SLC25A20P,-,CACTP,HGNC:1422,6,6p12
9606,790,CAD,-,-,HGNC:1424|MIM:114010|Ensembl:ENSG00000084774|HPRD:06437,2,2p22-p21
9606,793,CALB1,-,CALB,HGNC:1434|MIM:114050|Ensembl:ENSG00000104327|HPRD:00229,8,8q21.3-q22.1
9606,794,CALB2,-,CAL2,HGNC:1435|MIM:114051|Ensembl:ENSG00000172137|HPRD:00230,16,16q22.2
9606,795,S100G,-,CABP1|CABP9K|CALB3|MGC138379,HGNC:1436|MIM:302020|Ensembl:ENSG00000169906|HPRD:02360,X,Xp22.2
9606,796,CALCA,-,CALC1|CGRP|CGRP-I|CGRP1|CT|KC|MGC126648,HGNC:1437|MIM:114130|Ensembl:ENSG00000110680|HPRD:00238,11,11p15.2-p15.
9606,797,CALCB,-,CALC2|CGRP-II|CGRP2|FLJ30166,HGNC:1438|MIM:114160|Ensembl:ENSG00000175868|HPRD:11742,11,11p15.2-p15.
9606,798,CALCP,-,CALC3,HGNC:1439,11,11p15.1
9606,799,CALCR,-,CRT|CTR|CTR1,HGNC:1440|MIM:114131|Ensembl:ENSG00000004948|HPRD:00239,7,7q21.3
9606,800,CALD1,-,CDM|H-CAD|L-CAD|MGC21352|NAG22,HGNC:1441|MIM:114213|Ensembl:ENSG00000122786|HPRD:00251,7,7q33
9606,801,CALM1,-,CALML2|CAMI|DD132|PHKD,HGNC:1442|MIM:114180|Ensembl:ENSG00000198668|HPRD:00241,14,14q24-q31
9606,802,CALM1P1,-,-,HGNC:1443,X,Xq21.33
9606,803,CALM2P1,-,-,HGNC:1446,17,17q24.3
9606,804,CALM1P2,-,-,HGNC:1444,7,7p11.2
9606,805,CALM2,-,CAMII|PHKD|PHKD2,HGNC:1445|MIM:114182|Ensembl:ENSG00000143933|HPRD:00242,2,2p21
9606,806,CALM2P2,-,-,HGNC:1447,10,10q22.1
9606,807,CALM2P3,-,-,HGNC:1448,13,13q32
9606,808,CALM3,-,PHKD|PHKD3,HGNC:1449|MIM:114183|Ensembl:ENSG00000160014|HPRD:00243,19,19q13.2-q13.
9606,809,CALML1,-,-,HGNC:1450,7,7pter-p13
9606,810,CALML3,-,CLP,HGNC:1452|MIM:114184|Ensembl:ENSG00000178363|HPRD:00244,10,10pter-p13
9606,811,CALR,-,CRT|FLJ26680|RO|SSA|cC1qR,HGNC:1455|MIM:109091|Ensembl:ENSG00000179218|HPRD:00169,19,19p13.3-p13.
9606,813,CALU,-,FLJ90608,HGNC:1458|MIM:603420|Ensembl:ENSG00000128595|HPRD:04569,7,7q32.1
9606,814,CAMK4,-,CaMK-GR|MGC36771,HGNC:1464|MIM:114080|Ensembl:ENSG00000152495|HPRD:07169,5,5q21.3
9606,815,CAMK2A,-,CAMKA|KIAA0968,HGNC:1460|MIM:114078|Ensembl:ENSG00000070808|HPRD:06532,5,5q33.1
9606,816,CAMK2B,-,CAM2|CAMK2|CAMKB|MGC29528,HGNC:1461|MIM:607707|Ensembl:ENSG00000058404|HPRD:12127,7,22q12|7p14.3
9606,817,CAMK2D,-,CAMKD|MGC44911,HGNC:1462|MIM:607708|Ensembl:ENSG00000145349|HPRD:09653,4,4q26
9606,818,CAMK2G,-,CAMK|CAMK-II|CAMKG|FLJ16043|MGC26678,HGNC:1463|MIM:602123|Ensembl:ENSG00000148660|HPRD:03672,10,10q22
9606,819,CAMLG,-,CAML|MGC163197,HGNC:1471|MIM:601118|Ensembl:ENSG00000164615|HPRD:03073,5,5q23
9606,820,CAMP,-,CAP18|CRAMP|FALL-39|FALL39|HSD26|LL37,HGNC:1472|MIM:600474|Ensembl:ENSG00000164047|HPRD:02722,3,3p21.3
9606,821,CANX,-,CNX|FLJ26570|IP90|P90,HGNC:1473|MIM:114217|Ensembl:ENSG00000127022|HPRD:00252,5,5q35
9606,822,CAPG,-,AFCP|MCP,HGNC:1474|MIM:153615|Ensembl:ENSG00000042493|HPRD:01088,2,2p11.2
9606,823,CAPN1,-,CANP|CANP1|CANPL1|muCANP|muCL,HGNC:1476|MIM:114220|HPRD:00253,11,11q13
9606,824,CAPN2,-,CANP2|CANPL2|CANPml|FLJ39928|mCANP,HGNC:1479|MIM:114230|Ensembl:ENSG00000162909|HPRD:00254,1,1q41-q42
9606,825,CAPN3,-,CANP3|CANPL3|LGMD2|LGMD2A|MGC10767|MGC11121|MGC14344|MGC4403|nCL-1|p94,HGNC:1480|MIM:114240|Ensembl:ENSG00000092529|HPRD:00255,15,15q15.1-q21.
9606,826,CAPNS1,-,30K|CALPAIN4|CANP|CANPS|CAPN4|CDPS,HGNC:1481|MIM:114170|Ensembl:ENSG00000126247|HPRD:00240,19,19q13.12
9606,827,CAPN6,-,CANPX|CAPNX|CalpM|DJ914P14.1,HGNC:1483|MIM:300146|Ensembl:ENSG00000077274|HPRD:02145,X,Xq23
9606,828,CAPS,-,CAPS1|MGC126562,HGNC:1487|MIM:114212|Ensembl:ENSG00000105519|HPRD:00250,19,19p13.3
9606,829,CAPZA1,-,CAPPA1|CAPZ|CAZ1,HGNC:1488|MIM:601580|Ensembl:ENSG00000116489|HPRD:03347,1,1p13.2
9606,830,CAPZA2,-,CAPPA2|CAPZ,HGNC:1490|MIM:601571|Ensembl:ENSG00000198898|HPRD:11871,7,7q31.2-q31.3
9606,831,CAST,-,BS-17|MGC9402,HGNC:1515|MIM:114090|Ensembl:ENSG00000153113|HPRD:00233,5,5q15
9606,832,CAPZB,RP4-657E11.7,CAPB|CAPPB|CAPZ|MGC104401|MGC129749|MGC129750,HGNC:1491|MIM:601572|Ensembl:ENSG00000077549|HPRD:11872,1,1p36.1
9606,833,CARS,-,CARS1|CYSRS|MGC:11246,HGNC:1493|MIM:123859|Ensembl:ENSG00000110619|HPRD:00464,11,11p15.5
9606,834,CASP1,-,ICE|IL1BC|P45,HGNC:1499|MIM:147678|Ensembl:ENSG00000137752|HPRD:00977,11,11q23
9606,835,CASP2,-,CASP-2|ICH-1L|ICH-1L/1S|ICH1|NEDD2,HGNC:1503|MIM:600639|Ensembl:ENSG00000106144|HPRD:02800,7,7q34-q35
9606,836,CASP3,-,CPP32|CPP32B|SCA-1,HGNC:1504|MIM:600636|Ensembl:ENSG00000164305|HPRD:02799,4,4q34
9606,837,CASP4,-,ICE(rel)II|ICEREL-II|ICH-2|Mih1/TX|TX,HGNC:1505|MIM:602664|Ensembl:ENSG00000196954|HPRD:04047,11,11q22.2-q22.
9606,838,CASP5,-,ICE(rel)III|ICEREL-III|ICH-3|MGC141966,HGNC:1506|MIM:602665|Ensembl:ENSG00000137757|HPRD:04048,11,11q22.2-q22.
9606,839,CASP6,-,MCH2,HGNC:1507|MIM:601532|Ensembl:ENSG00000138794|HPRD:03321,4,4q25
9606,840,CASP7,-,CMH-1|ICE-LAP3|MCH3,HGNC:1508|MIM:601761|Ensembl:ENSG00000165806|HPRD:03457,10,10q25
9606,841,CASP8,-,ALPS2B|CAP4|FLICE|FLJ17672|MACH|MCH5|MGC78473,HGNC:1509|MIM:601763|Ensembl:ENSG00000064012|HPRD:03459,2,2q33-q34
9606,842,CASP9,RP11-265F14.3,APAF-3|APAF3|CASPASE-9c|ICE-LAP6|MCH6,HGNC:1511|MIM:602234|Ensembl:ENSG00000132906|HPRD:03756,1,1p36.3-p36.1
9606,843,CASP10,-,ALPS2|FLICE2|MCH4,HGNC:1500|MIM:601762|Ensembl:ENSG00000003400|HPRD:03458,2,2q33-q34
9606,844,CASQ1,RP11-536C5.6,CASQ|PDIB1,HGNC:1512|MIM:114250|Ensembl:ENSG00000143318|HPRD:15915,1,1q21
9606,845,CASQ2,-,FLJ26321|FLJ93514|PDIB2,HGNC:1513|MIM:114251|Ensembl:ENSG00000118729|HPRD:00256,1,1p13.3-p11
9606,846,CASR,-,CAR|FHH|FIH|GPRC2A|HHC|HHC1|MGC138441|NSHPT|PCAR1,HGNC:1514|MIM:601199|Ensembl:ENSG00000036828|HPRD:03122,3,3q13
9606,847,CAT,-,MGC138422|MGC138424,HGNC:1516|MIM:115500|Ensembl:ENSG00000121691|HPRD:00282,11,11p13
9606,856,CATR1,-,-,HGNC:1525|MIM:600676,7,7q32
9606,857,CAV1,-,CAV|MSTP085|VIP21,HGNC:1527|MIM:601047|Ensembl:ENSG00000105974|HPRD:03028,7,7q31.1
9606,858,CAV2,-,CAV|MGC12294,HGNC:1528|MIM:601048|Ensembl:ENSG00000105971|HPRD:03029,7,7q31.1
9606,859,CAV3,-,LGMD1C|LQT9|MGC126100|MGC126101|MGC126129|VIP-21|VIP21,HGNC:1529|MIM:601253|Ensembl:ENSG00000182533|HPRD:03154,3,3p25
9606,860,RUNX2,RP1-166H4.1,AML3|CBFA1|CCD|CCD1|MGC120022|MGC120023|OSF2|PEA2aA|PEBP2A1|PEBP2A2|PEBP2aA|PEBP2aA1,HGNC:10472|MIM:600211|Ensembl:ENSG00000124813|HPRD:02566,6,6p21
9606,861,RUNX1,-,AML1|AML1-EVI-1|AMLCR1|CBFA2|EVI-1|PEBP2aB,HGNC:10471|MIM:151385|Ensembl:ENSG00000159216|HPRD:01043,21,21q22.3
9606,862,RUNX1T1,-,AML1T1|CBFA2T1|CDR|ETO|MGC2796|MTG8|MTG8b|ZMYND2,HGNC:1535|MIM:133435|Ensembl:ENSG00000079102|HPRD:00590,8,8q22
9606,863,CBFA2T3,-,ETO2|MTG16|MTGR2|ZMYND4,HGNC:1537|MIM:603870|Ensembl:ENSG00000129993|HPRD:04847,16,16q24
9606,864,RUNX3,RP3-398I9.1,AML2|CBFA3|FLJ34510|MGC16070|PEBP2aC,HGNC:10473|MIM:600210|Ensembl:ENSG00000020633|HPRD:02565,1,1p36
9606,865,CBFB,-,PEBP2B,HGNC:1539|MIM:121360|Ensembl:ENSG00000067955|HPRD:00418,16,16q22.1
9606,866,SERPINA6,-,CBG,HGNC:1540|MIM:122500|Ensembl:ENSG00000170099|HPRD:00419,14,14q32.1
9606,867,CBL,-,C-CBL|CBL2|RNF55,HGNC:1541|MIM:165360|Ensembl:ENSG00000110395|HPRD:01320,11,11q23.3
9606,868,CBLB,-,DKFZp686J10223|DKFZp779A0729|DKFZp779F1443|FLJ36865|FLJ41152|Nbla00127|RNF56,HGNC:1542|MIM:604491|Ensembl:ENSG00000114423|HPRD:05136,3,3q13.11
9606,869,CBLN1,-,-,HGNC:1543|MIM:600432|Ensembl:ENSG00000102924|HPRD:02697,16,16q12.1
9606,871,SERPINH1,-,AsTP3|CBP1|CBP2|HSP47|PIG14|PPROM|RA-A47|SERPINH2|gp46,HGNC:1546|MIM:600943|Ensembl:ENSG00000149257|HPRD:02968,11,11q13.5
9606,873,CBR1,-,CBR|hCBR1,HGNC:1548|MIM:114830|Ensembl:ENSG00000159228|HPRD:00267,21,21q22.13
9606,874,CBR3,-,hCBR3,HGNC:1549|MIM:603608|Ensembl:ENSG00000159231|HPRD:07222,21,21q22.2
9606,875,CBS,-,HIP4,HGNC:1550|MIM:236200|Ensembl:ENSG00000160200|HPRD:01994,21,21q22.3
9606,878,CCA1,-,-,HGNC:1559|MIM:115660,17,17q24
9606,881,CCIN,-,-,HGNC:1568|MIM:603960|Ensembl:ENSG00000185972|HPRD:04907,9,9p13.3
9606,882,CCAL1,-,CPDD,HGNC:1561|MIM:600668,8,8q
9606,883,CCBL1,RP11-545E17.6,FLJ95217|GTK|KAT1|KATI|MGC29624,HGNC:1564|MIM:600547|Ensembl:ENSG00000171097|HPRD:02769,9,9q34.11
9606,885,CCK,-,MGC117187,HGNC:1569|MIM:118440|Ensembl:ENSG00000187094|HPRD:00321,3,3p22-p21.3
9606,886,CCKAR,-,CCK-A|CCK1-R|CCKRA,HGNC:1570|MIM:118444|Ensembl:ENSG00000163394|HPRD:00322,4,4p15.1-p15.2
9606,887,CCKBR,-,CCK-B|CCK2R|GASR,HGNC:1571|MIM:118445|Ensembl:ENSG00000110148|HPRD:00323,11,11p15.4
9606,889,KRIT1,-,CAM|CCM1,HGNC:1573|MIM:604214|Ensembl:ENSG00000001631|HPRD:05020,7,7q21-q22
9606,890,CCNA2,-,CCN1|CCNA,HGNC:1578|MIM:123835|Ensembl:ENSG00000145386|HPRD:00453,4,4q25-q31
9606,891,CCNB1,-,CCNB,HGNC:1579|MIM:123836|Ensembl:ENSG00000134057|HPRD:00454,5,5q12
9606,892,CCNC,RP1-199J3.1,CycC,HGNC:1581|MIM:123838|Ensembl:ENSG00000112237|HPRD:00456,6,6q21
9606,894,CCND2,-,KIAK0002|MGC102758,HGNC:1583|MIM:123833|Ensembl:ENSG00000118971|HPRD:00451,12,12p13
9606,895,CCND2P,-,-,HGNC:1584,11,11q13
9606,896,CCND3,RP5-973N23.3,-,HGNC:1585|MIM:123834|Ensembl:ENSG00000112576|HPRD:00452,6,6p21
9606,897,CCND3P,-,-,HGNC:1586,6,6p21
9606,898,CCNE1,-,CCNE,HGNC:1589|MIM:123837|Ensembl:ENSG00000105173|HPRD:00455,19,19q12
9606,899,CCNF,-,FBX1|FBXO1,HGNC:1591|MIM:600227|Ensembl:ENSG00000162063|HPRD:02574,16,16p13.3
9606,900,CCNG1,-,CCNG,HGNC:1592|MIM:601578|Ensembl:ENSG00000113328|HPRD:03345,5,5q32-q34
9606,901,CCNG2,-,-,HGNC:1593|MIM:603203|Ensembl:ENSG00000138764|HPRD:04438,4,4q21.1
9606,902,CCNH,-,CAK|p34|p37,HGNC:1594|MIM:601953|Ensembl:ENSG00000134480|HPRD:09059,5,5q13.3-q14
9606,904,CCNT1,-,CCNT|CYCT1,HGNC:1599|MIM:602506|Ensembl:ENSG00000129315|HPRD:03938,12,12pter-qter
9606,905,CCNT2,-,FLJ90560|MGC134840,HGNC:1600|MIM:603862|Ensembl:ENSG00000082258|HPRD:04839,2,2q21.3
9606,907,CCT,-,-,HGNC:1614|MIM:302200,X,-
9606,908,CCT6A,-,CCT-zeta|CCT-zeta-1|CCT6|Cctz|HTR3|MGC126214|MGC126215|MoDP-2|TCP-1-zeta|TCP20|TCPZ|TTCP20,HGNC:1620|MIM:104613|Ensembl:ENSG00000146731|HPRD:00089,7,7p11.2
9606,909,CD1A,-,CD1|FCB6|HTA1|R4|T6,HGNC:1634|MIM:188370|Ensembl:ENSG00000158477|HPRD:01776,1,1q22-q23
9606,910,CD1B,RP11-101J8.4,CD1|CD1A|MGC125990|MGC125991|R1,HGNC:1635|MIM:188360|Ensembl:ENSG00000158485|HPRD:01775,1,1q22-q23
9606,911,CD1C,RP11-101J8.3,BDCA1|CD1|CD1A|R7,HGNC:1636|MIM:188340|Ensembl:ENSG00000158481|HPRD:01772,1,1q22-q23
9606,912,CD1D,-,CD1A|MGC34622|R3,HGNC:1637|MIM:188410|Ensembl:ENSG00000158473|HPRD:01780,1,1q22-q23
9606,913,CD1E,RP11-101J8.5,CD1A|R2,HGNC:1638|MIM:188411|Ensembl:ENSG00000158488|HPRD:01781,1,1q22-q23
9606,914,CD2,RP4-655N15.2,SRBC|T11,HGNC:1639|MIM:186990|Ensembl:ENSG00000116824|HPRD:01750,1,1p13
9606,915,CD3D,-,CD3-DELTA|T3D,HGNC:1673|MIM:186790|Ensembl:ENSG00000167286|HPRD:01730,11,11q23
9606,916,CD3E,-,FLJ18683|T3E|TCRE,HGNC:1674|MIM:186830|Ensembl:ENSG00000198851|HPRD:08923,11,11q23
9606,917,CD3G,-,CD3-GAMMA|FLJ17620|FLJ17664|FLJ79544|FLJ94613|MGC138597|T3G,HGNC:1675|MIM:186740|Ensembl:ENSG00000160654|HPRD:07037,11,11q23
9606,918,CD3W,-,-,HGNC:1676,-,-
9606,919,CD247,-,CD3-ZETA|CD3H|CD3Q|CD3Z|T3Z|TCRZ,HGNC:1677|MIM:186780|Ensembl:ENSG00000198821|HPRD:01729,1,1q22-q23
9606,920,CD4,-,CD4mut,HGNC:1678|MIM:186940|Ensembl:ENSG00000010610|HPRD:01740,12,12pter-p12
9606,921,CD5,-,LEU1|T1,HGNC:1685|MIM:153340|Ensembl:ENSG00000110448|HPRD:01078,11,11q13
9606,922,CD5L,-,AIM|API6|PRO229|SP-ALPHA|Spalpha,HGNC:1690|MIM:602592|Ensembl:ENSG00000073754|HPRD:03997,1,1q21-q23
9606,923,CD6,-,FLJ44171|TP120,HGNC:1691|MIM:186720|Ensembl:ENSG00000013725|HPRD:01724,11,11q13
9606,924,CD7,-,GP40|LEU-9|TP41|Tp40,HGNC:1695|MIM:186820|Ensembl:ENSG00000173762|HPRD:01732,17,17q25.2-q25.
9606,925,CD8A,-,CD8|Leu2|MAL|p32,HGNC:1706|MIM:186910|Ensembl:ENSG00000153563|HPRD:01737,2,2p12
9606,926,CD8B,-,CD8B1|LYT3|Leu2|Ly3|MGC119115,HGNC:1707|MIM:186730|Ensembl:ENSG00000172116|HPRD:01725,2,2p12
9606,927,CD8BP,-,CD8B2,HGNC:1708,2,2p12|2q12.1
9606,928,CD9,-,5H9|BA2|BTCC-1|DRAP-27|GIG2|MIC3|MRP-1|P24|TSPAN29,HGNC:1709|MIM:143030|Ensembl:ENSG00000010278|HPRD:00880,12,12p13.3
9606,929,CD14,-,-,HGNC:1628|MIM:158120|Ensembl:ENSG00000170458|HPRD:01151,5,5q22-q32|5q3
9606,930,CD19,-,B4|MGC12802,HGNC:1633|MIM:107265|Ensembl:ENSG00000177455|HPRD:00113,16,16p11.2
9606,931,MS4A1,-,B1|Bp35|CD20|LEU-16|MGC3969|MS4A2|S7,HGNC:7315|MIM:112210|Ensembl:ENSG00000156738|HPRD:00204,11,11q12
9606,932,MS4A3,-,CD20L|HTM4,HGNC:7317|MIM:606498|Ensembl:ENSG00000149516|HPRD:09403,11,11q12.1
9606,933,CD22,-,FLJ22814|MGC130020|SIGLEC-2|SIGLEC2,HGNC:1643|MIM:107266|Ensembl:ENSG00000012124|HPRD:00114,19,19q13.1
9606,935,CD24L1,-,-,HGNC:1646,1,1p36
9606,936,CD24L2,-,-,HGNC:1647,15,15q21-q22
9606,937,CD24L3,-,-,HGNC:1648,20,-
9606,938,CD24L4,-,-,HGNC:1649,Y,Yq11.222
9606,939,CD27,-,MGC20393|S152|T14|TNFRSF7|Tp55,HGNC:11922|MIM:186711|Ensembl:ENSG00000139193|HPRD:01723,12,12p13
9606,940,CD28,-,MGC138290|Tp44,HGNC:1653|MIM:186760|Ensembl:ENSG00000178562|HPRD:01727,2,2q33
9606,941,CD80,-,CD28LG|CD28LG1|LAB7,HGNC:1700|MIM:112203|Ensembl:ENSG00000121594|HPRD:00202,3,3q13.3-q21
9606,942,CD86,-,B7-2|B70|CD28LG2|LAB72|MGC34413,HGNC:1705|MIM:601020|Ensembl:ENSG00000114013|HPRD:03011,3,3q21
9606,943,TNFRSF8,-,CD30|D1S166E|KI-1,HGNC:11923|MIM:153243|Ensembl:ENSG00000120949|HPRD:01074,1,1p36
9606,944,TNFSF8,-,CD153|CD30L|CD30LG|MGC138144,HGNC:11938|MIM:603875|Ensembl:ENSG00000106952|HPRD:04852,9,9q33
9606,945,CD33,-,FLJ00391|SIGLEC-3|SIGLEC3|p67,HGNC:1659|MIM:159590|Ensembl:ENSG00000105383|HPRD:01165,19,19q13.3
9606,946,SIGLEC6,-,CD327|CD33L|CD33L1|CDw327|OBBP1|SIGLEC-6,HGNC:10875|MIM:604405|Ensembl:ENSG00000105492|HPRD:16058,19,19q13.3
9606,947,CD34,RP11-328D5.2,-,HGNC:1662|MIM:142230|Ensembl:ENSG00000174059|HPRD:00790,1,1q32
9606,948,CD36,-,CHDS7|FAT|GP3B|GP4|GPIV|PASIV|SCARB3,HGNC:1663|MIM:173510|Ensembl:ENSG00000135218|HPRD:01430,7,7q11.2
9606,949,SCARB1,-,CD36L1|CLA-1|CLA1|MGC138242|SR-BI|SRB1,HGNC:1664|MIM:601040|Ensembl:ENSG00000073060|HPRD:03024,12,12q24.31
9606,950,SCARB2,-,AMRF|CD36L2|HLGP85|LIMPII|SR-BII,HGNC:1665|MIM:602257|Ensembl:ENSG00000138760|HPRD:03772,4,4q21.1
9606,951,CD37,-,GP52-40|MGC120234|TSPAN26,HGNC:1666|MIM:151523|Ensembl:ENSG00000104894|HPRD:01053,19,19q13.3
9606,952,CD38,-,T10,HGNC:1667|MIM:107270|Ensembl:ENSG00000004468|HPRD:00116,4,4p15
9606,953,ENTPD1,-,ATPDase|CD39|DKFZp686D194|DKFZp686I093|FLJ40921|FLJ40959|NTPDase-1,HGNC:3363|MIM:601752|Ensembl:ENSG00000138185|HPRD:09047,10,10q24
9606,954,ENTPD2,-,CD39L1|NTPDase-2,HGNC:3364|MIM:602012|Ensembl:ENSG00000054179|HPRD:03600,9,9q34
9606,955,ENTPD6,RP4-738P15.5,CD39L2|DKFZp781G2277|DKFZp781K21102|FLJ36711|IL-6SAG|IL6ST2|NTPDase-6|dJ738P15.3,HGNC:3368|MIM:603160|Ensembl:ENSG00000197586|HPRD:16013,20,20p11.2-p11.
9606,956,ENTPD3,-,CD39L3|FLJ93839|HB6|NTPDase-3,HGNC:3365|MIM:603161|Ensembl:ENSG00000168032|HPRD:16014,3,3p21.3
9606,957,ENTPD5,-,CD39L4|MGC163357|MGC163359|NTPDase-5|PCPH,HGNC:3367|MIM:603162|Ensembl:ENSG00000187097|HPRD:16015,14,14q24
9606,958,CD40,-,Bp50|CDW40|MGC9013|TNFRSF5|p50,HGNC:11919|MIM:109535|Ensembl:ENSG00000101017|HPRD:00178,20,20q12-q13.2
9606,959,CD40LG,RP3-527F8.3,CD154|CD40L|HIGM1|IGM|IMD3|T-BAM|TNFSF5|TRAP|gp39|hCD40L,HGNC:11935|MIM:300386|Ensembl:ENSG00000102245|HPRD:02311,X,Xq26
9606,960,CD44,-,CDW44|CSPG8|ECMR-III|HCELL|IN|LHR|MC56|MDU2|MDU3|MGC10468|MIC4|MUTCH-I|Pgp1,HGNC:1681|MIM:107269|Ensembl:ENSG00000026508|HPRD:00115,11,11p13
9606,961,CD47,-,IAP|MER6|OA3,HGNC:1682|MIM:601028|Ensembl:ENSG00000196776|HPRD:03017,3,3q13.1-q13.2
9606,962,CD48,-,BCM1|BLAST|BLAST1|MEM-102|SLAMF2|hCD48|mCD48,HGNC:1683|MIM:109530|Ensembl:ENSG00000117091|HPRD:00177,1,1q21.3-q22
9606,963,CD53,-,MOX44|TSPAN25,HGNC:1686|MIM:151525|Ensembl:ENSG00000143119|HPRD:01054,1,1p13
9606,965,CD58,RP5-1086K13.2,LFA-3|LFA3,HGNC:1688|MIM:153420|Ensembl:ENSG00000116815|HPRD:01081,1,1p13
9606,966,CD59,-,16.3A5|1F5|EJ16|EJ30|EL32|FLJ38134|FLJ92039|G344|HRF-20|HRF20|MAC-IP|MACIF|MEM43|MGC2354|MIC11|MIN1|MIN2|MIN3|MIRL|MSK21|p18-20,HGNC:1689|MIM:107271|Ensembl:ENSG00000085063|HPRD:00117,11,11p13
9606,967,CD63,-,LAMP-3|ME491|MLA1|OMA81H|TSPAN30,HGNC:1692|MIM:155740|Ensembl:ENSG00000135404|HPRD:01121,12,12q12-q13
9606,968,CD68,-,DKFZp686M18236|GP110|SCARD1,HGNC:1693|MIM:153634|Ensembl:ENSG00000129226|HPRD:01093,17,17p13
9606,969,CD69,-,CLEC2C,HGNC:1694|MIM:107273|Ensembl:ENSG00000110848|HPRD:00119,12,12p13-p12
9606,970,CD70,-,CD27L|CD27LG|TNFSF7,HGNC:11937|MIM:602840|Ensembl:ENSG00000125726|HPRD:18515,19,19p13
9606,971,CD72,RP11-331F9.9,CD72b|LYB2,HGNC:1696|MIM:107272|Ensembl:ENSG00000137101|HPRD:00118,9,9p13.3
9606,972,CD74,-,DHLAG|HLADG|Ia-GAMMA,HGNC:1697|MIM:142790|Ensembl:ENSG00000019582|HPRD:00825,5,5q32
9606,973,CD79A,-,IGA|MB-1,HGNC:1698|MIM:112205|Ensembl:ENSG00000105369|HPRD:00203,19,19q13.2
9606,974,CD79B,-,B29|IGB,HGNC:1699|MIM:147245|Ensembl:ENSG00000007312|HPRD:00922,17,17q23
9606,975,CD81,-,S5.7|TAPA1|TSPAN28,HGNC:1701|MIM:186845|Ensembl:ENSG00000110651|HPRD:08924,11,11p15.5
9606,976,CD97,-,TM7LN1,HGNC:1711|MIM:601211|Ensembl:ENSG00000123146|HPRD:03130,19,19p13
9606,977,CD151,-,GP27|MER2|PETA-3|RAPH|SFA1|TSPAN24,HGNC:1630|MIM:602243|Ensembl:ENSG00000177697|HPRD:03763,11,11p15.5
9606,978,CDA,-,CDD,HGNC:1712|MIM:123920|Ensembl:ENSG00000158825|HPRD:11744,1,1p36.2-p35
9606,980,CDAN2,-,CDA-II|CDAII|HEMPAS,HGNC:1714|MIM:224100,20,20q11.2-q11.
9606,981,CDAN3,-,CDA3|CDAIII,HGNC:1715|MIM:105600,15,15q21-q25
9606,982,CDB2,-,CDBII|CDTB,HGNC:1716|MIM:602082,10,10q23-q24
9606,983,CDC2,-,CDC28A|CDK1|DKFZp686L20222|MGC111195,HGNC:1722|MIM:116940|Ensembl:ENSG00000170312|HPRD:00302,10,10q21.1
9606,984,CDC2L1,RP1-283E3.2,CDC2L2|CDK11|CDK11-p110|CDK11-p46|CDK11-p58|CLK-1|PK58|p58|p58CDC2L1|p58CLK-1,HGNC:1729|MIM:176873|Ensembl:ENSG00000008128|HPRD:08909,1,1p36.33
9606,987,LRBA,-,BGL|CDC4L|DKFZp686A09128|DKFZp686K03100|DKFZp686P2258|FLJ16600|FLJ25686|LAB300|LBA|MGC72098,HGNC:1742|MIM:606453|Ensembl:ENSG00000198589|HPRD:07344,4,4q31.3
9606,988,CDC5L,RP1-319D22.1,CEF1|KIAA0432|PCDC5RP|dJ319D22.1|hCDC5,HGNC:1743|MIM:602868|Ensembl:ENSG00000096401|HPRD:04184,6,6p21
9606,989,SEPT7,-,CDC10|CDC3|Nbla02942|SEPT7A,HGNC:1717|MIM:603151|HPRD:04398,7,7p14.3-p14.1
9606,990,CDC6,-,CDC18L|HsCDC18|HsCDC6,HGNC:1744|MIM:602627|Ensembl:ENSG00000094804|HPRD:04022,17,17q21.3
9606,991,CDC20,-,CDC20A|MGC102824|bA276H19.3|p55CDC,HGNC:1723|MIM:603618|Ensembl:ENSG00000117399|HPRD:04686,1,1p34.1
9606,993,CDC25A,-,CDC25A2,HGNC:1725|MIM:116947|Ensembl:ENSG00000164045|HPRD:00305,3,3p21
9606,994,CDC25B,RP5-1009E24.3,-,HGNC:1726|MIM:116949|Ensembl:ENSG00000101224|HPRD:00307,20,20p13
9606,995,CDC25C,-,CDC25,HGNC:1727|MIM:157680|Ensembl:ENSG00000158402|HPRD:01146,5,5q31
9606,996,CDC27,-,APC3|CDC27Hs|D0S1430E|D17S978E|HNUC,HGNC:1728|MIM:116946|Ensembl:ENSG00000004897|HPRD:00304,17,17q12-q23.2
9606,997,CDC34,-,E2-CDC34|UBC3|UBE2R1,HGNC:1734|MIM:116948|Ensembl:ENSG00000099804|HPRD:00306,19,19p13.3
9606,998,CDC42,RP1-224A6.5,CDC42Hs|G25K,HGNC:1736|MIM:116952|Ensembl:ENSG00000070831|HPRD:00309,1,1p36.1
9606,999,CDH1,-,Arc-1|CD324|CDHE|ECAD|LCAM|UVO,HGNC:1748|MIM:192090|Ensembl:ENSG00000039068|HPRD:01885,16,16q22.1
9606,1000,CDH2,-,CD325|CDHN|CDw325|NCAD,HGNC:1759|MIM:114020|Ensembl:ENSG00000170558|HPRD:00226,18,18q11.2
9606,1001,CDH3,-,CDHP|HJMD|PCAD,HGNC:1762|MIM:114021|Ensembl:ENSG00000062038|HPRD:00227,16,16q22.1
9606,1002,CDH4,-,CAD4|FLJ22202|FLJ40547|MGC126700|MGC138355|RCAD,HGNC:1763|MIM:603006|Ensembl:ENSG00000179242|HPRD:04304,20,20q13.3
9606,1003,CDH5,-,7B4|CD144|FLJ17376,HGNC:1764|MIM:601120|Ensembl:ENSG00000179776|HPRD:03075,16,16q22.1
9606,1004,CDH6,-,KCAD,HGNC:1765|MIM:603007|Ensembl:ENSG00000113361|HPRD:04305,5,5p15.1-p14
9606,1005,CDH7,-,CDH7L1,HGNC:1766|MIM:605806|Ensembl:ENSG00000081138|HPRD:12049,18,18q22-q23
9606,1006,CDH8,-,Nbla04261,HGNC:1767|MIM:603008|Ensembl:ENSG00000150394|HPRD:04306,16,16q22.1
9606,1007,CDH9,-,MGC125386,HGNC:1768|MIM:609974|Ensembl:ENSG00000113100|HPRD:13021,5,5p14
9606,1008,CDH10,-,-,HGNC:1749|MIM:604555|Ensembl:ENSG00000040731|HPRD:05187,5,5p14-p13
9606,1009,CDH11,-,CAD11|CDHOB|OB|OSF-4,HGNC:1750|MIM:600023|Ensembl:ENSG00000140937|HPRD:08960,16,16q22.1
9606,1010,CDH12,-,CDHB|FLJ34857,HGNC:1751|MIM:600562|Ensembl:ENSG00000154162|HPRD:11081,5,5p14-p13
9606,1011,CDH12P,-,C41-CAD,HGNC:1752,5,5q13.1
9606,1012,CDH13,-,CDHH,HGNC:1753|MIM:601364|Ensembl:ENSG00000140945|HPRD:03219,16,16q24.2-q24.
9606,1013,CDH15,-,CDH14|CDH3|CDHM|MCAD,HGNC:1754|MIM:114019|Ensembl:ENSG00000129910|HPRD:00225,16,16q24.3
9606,1014,CDH16,-,-,HGNC:1755|MIM:603118|Ensembl:ENSG00000166589|HPRD:11929,16,16q22.1
9606,1015,CDH17,-,CDH16|FLJ26931|HPT-1|HPT1|MGC138218|MGC142024,HGNC:1756|MIM:603017|Ensembl:ENSG00000079112|HPRD:04312,8,8q22.1
9606,1016,CDH18,-,CDH14|CDH14L|CDH24|EY-CADHERIN,HGNC:1757|MIM:603019|Ensembl:ENSG00000145526|HPRD:04314,5,5p15.2-p15.1
9606,1017,CDK2,-,p33(CDK2),HGNC:1771|MIM:116953|Ensembl:ENSG00000123374|HPRD:00310,12,12q13
9606,1018,CDK3,-,-,HGNC:1772|MIM:123828|Ensembl:ENSG00000108504|HPRD:00446,17,17q22-qter
9606,1019,CDK4,-,CMM3|MGC14458|PSK-J3,HGNC:1773|MIM:123829|Ensembl:ENSG00000135446|HPRD:00447,12,12q14
9606,1020,CDK5,-,PSSALRE,HGNC:1774|MIM:123831|HPRD:00449,7,7q36
9606,1021,CDK6,-,MGC59692|PLSTIRE,HGNC:1777|MIM:603368|Ensembl:ENSG00000105810|HPRD:04533,7,7q21-q22
9606,1022,CDK7,-,CAK1|CDKN7|MO15|STK1|p39MO15,HGNC:1778|MIM:601955|Ensembl:ENSG00000134058|HPRD:15993,5,5q12.1
9606,1023,CDL2,-,-,HGNC:1793,-,-
9606,1024,CDK8,-,K35|MGC126074|MGC126075,HGNC:1779|MIM:603184|Ensembl:ENSG00000132964|HPRD:04422,13,13q12
9606,1025,CDK9,RP11-228B15.5,C-2k|CDC2L4|CTK1|PITALRE|TAK,HGNC:1780|MIM:603251|Ensembl:ENSG00000136807|HPRD:16016,9,9q34.1
9606,1026,CDKN1A,-,CAP20|CDKN1|CIP1|MDA-6|P21|SDI1|WAF1|p21CIP1,HGNC:1784|MIM:116899|Ensembl:ENSG00000124762|HPRD:00298,6,6p21.2
9606,1027,CDKN1B,-,CDKN4|KIP1|MEN1B|MEN4|P27KIP1,HGNC:1785|MIM:600778|Ensembl:ENSG00000111276|HPRD:02867,12,12p13.1-p12
9606,1028,CDKN1C,-,BWCR|BWS|KIP2|WBS|p57,HGNC:1786|MIM:600856|Ensembl:ENSG00000129757|HPRD:02913,11,11p15.5
9606,1029,CDKN2A,-,ARF|CDK4I|CDKN2|CMM2|INK4|INK4a|MLM|MTS1|TP16|p14|p14ARF|p16|p16INK4|p16INK4a|p19,HGNC:1787|MIM:600160|Ensembl:ENSG00000147889|HPRD:02542,9,9p21
9606,1030,CDKN2B,-,CDK4I|INK4B|MTS2|P15|TP15|p15INK4b,HGNC:1788|MIM:600431|Ensembl:ENSG00000147883|HPRD:02696,9,9p21
9606,1031,CDKN2C,-,INK4C|p18|p18-INK4C,HGNC:1789|MIM:603369|Ensembl:ENSG00000123080|HPRD:04534,1,1p32
9606,1032,CDKN2D,-,INK4D|p19|p19-INK4D,HGNC:1790|MIM:600927|Ensembl:ENSG00000129355|HPRD:02957,19,19p13
9606,1033,CDKN3,-,CDI1|CIP2|FLJ25787|KAP|KAP1|MGC70625,HGNC:1791|MIM:123832|Ensembl:ENSG00000100526|HPRD:00450,14,14q22
9606,1036,CDO1,-,-,HGNC:1795|MIM:603943|Ensembl:ENSG00000129596|HPRD:06806,5,5q22-q23
9606,1038,CDR1,RP1-177G6.1,CDR|CDR34|CDR62A,HGNC:1798|MIM:302650|Ensembl:ENSG00000184258|HPRD:02361,X,Xq27.1-q27.2
9606,1039,CDR2,-,CDR62|Yo,HGNC:1799|MIM:117340|Ensembl:ENSG00000140743|HPRD:06681,16,16p12.3
9606,1040,CDS1,-,CDS,HGNC:1800|MIM:603548|Ensembl:ENSG00000163624|HPRD:11944,4,4q21.23
9606,1041,CDSN,-,D6S586E|HTSS|S,HGNC:1802|MIM:602593|Ensembl:ENSG00000204539|HPRD:03998,6,6p21.3
9606,1043,CD52,-,CDW52,HGNC:1804|MIM:114280|Ensembl:ENSG00000169442|HPRD:00257,1,1p36
9606,1044,CDX1,-,MGC116915,HGNC:1805|MIM:600746|Ensembl:ENSG00000113722|HPRD:02849,5,5q31-q33
9606,1045,CDX2,-,CDX-3|CDX3,HGNC:1806|MIM:600297|Ensembl:ENSG00000165556|HPRD:02622,13,13q12.3
9606,1046,CDX4,-,-,HGNC:1808|MIM:300025|Ensembl:ENSG00000131264|HPRD:02065,X,Xq13.2
9606,1047,CLGN,-,-,HGNC:2060|MIM:601858|Ensembl:ENSG00000153132|HPRD:03513,4,4q28.3-q31.1
9606,1048,CEACAM5,-,CD66e|CEA|DKFZp781M2392,HGNC:1817|MIM:114890|Ensembl:ENSG00000105388|HPRD:00274,19,19q13.1-q13.
9606,1050,CEBPA,-,C/EBP-alpha|CEBP,HGNC:1833|MIM:116897|HPRD:00296,19,19q13.1
9606,1051,CEBPB,-,C/EBP-beta|CRP2|IL6DBP|LAP|MGC32080|NF-IL6|TCF5,HGNC:1834|MIM:189965|Ensembl:ENSG00000172216|HPRD:01801,20,20q13.1
9606,1052,CEBPD,-,C/EBP-delta|CELF|CRP3|NF-IL6-beta,HGNC:1835|MIM:116898|Ensembl:ENSG00000180733|HPRD:00297,8,8p11.2-p11.1
9606,1053,CEBPE,-,C/EBP-epsilon|CRP1,HGNC:1836|MIM:600749|Ensembl:ENSG00000092067|HPRD:02852,14,14q11.2
9606,1054,CEBPG,-,GPE1BP|IG/EBP-1,HGNC:1837|MIM:138972|Ensembl:ENSG00000153879|HPRD:00738,19,19q13.11
9606,1055,CECR,-,CES,HGNC:1838|MIM:115470,22,22pter-q11
9606,1056,CEL,-,BAL|BSDL|BSSL|CELL|CEase|FAP|FAPP|LIPA|MODY8,HGNC:1848|MIM:114840|Ensembl:ENSG00000170835|HPRD:07509,9,9q34.3
9606,1057,CELP,-,CELL|FLJ25862|cell1|cell2|cell3,HGNC:1849,9,9q34.3
9606,1058,CENPA,-,CENP-A,HGNC:1851|MIM:117139|Ensembl:ENSG00000115163|HPRD:00313,2,2p24-p21
9606,1059,CENPB,-,-,HGNC:1852|MIM:117140|Ensembl:ENSG00000125817|HPRD:00314,20,20p13
9606,1060,CENPC1,-,CENP-C|CENPC|MIF2|hcp-4,HGNC:1854|MIM:117141|HPRD:00315,4,4q12-q13.3
9606,1061,CENPC2,-,CENPC,HGNC:1855,12,12q21.2-q21.
9606,1062,CENPE,-,KIF10,HGNC:1856|MIM:117143|Ensembl:ENSG00000138778|HPRD:00316,4,4q24-q25
9606,1063,CENPF,RP11-262H5.1,CENF|PRO1779|hcp-1,HGNC:1857|MIM:600236|Ensembl:ENSG00000117724|HPRD:02582,1,1q32-q41
9606,1066,CES1,-,ACAT|CEH|CES2|HMSE|HMSE1|MGC117365|PCE-1|SES1|TGH,HGNC:1863|MIM:114835|Ensembl:ENSG00000196959|HPRD:00268,16,16q13-q22.1
9606,1068,CETN1,-,CEN1|CETN,HGNC:1866|MIM:603187|Ensembl:ENSG00000177143|HPRD:04425,18,18p11.32
9606,1069,CETN2,-,CALT|CEN2,HGNC:1867|MIM:300006|Ensembl:ENSG00000147400|HPRD:02051,X,Xq28
9606,1070,CETN3,-,CEN3|MGC12502|MGC138245,HGNC:1868|MIM:602907|Ensembl:ENSG00000153140|HPRD:04216,5,5q14.3
9606,1071,CETP,-,HDLCQ10,HGNC:1869|MIM:118470|Ensembl:ENSG00000087237|HPRD:00325,16,16q21
9606,1072,CFL1,-,CFL,HGNC:1874|MIM:601442|Ensembl:ENSG00000172757|HPRD:03261,11,11q13
9606,1073,CFL2,-,NEM7,HGNC:1875|MIM:601443|Ensembl:ENSG00000165410|HPRD:03262,14,14q12
9606,1074,CFLP5,-,CFLL1,HGNC:1877,5,5q13.2
9606,1075,CTSC,-,CPPI|DPP1|DPPI|HMS|JP|JPD|PALS|PLS,HGNC:2528|MIM:602365|Ensembl:ENSG00000109861|HPRD:03841,11,11q14.1-q14.
9606,1076,CFLL2,-,-,HGNC:1878,-,-
9606,1077,CFLP3,-,CFLL3,HGNC:1879,1,1p31.3
9606,1078,CFLP4,-,CFLL4,HGNC:1880,1,1q43
9606,1080,CFTR,tcag7.78,ABC35|ABCC7|CF|CFTR/MRP|MRP7|TNR-CFTR|dJ760C5.1,HGNC:1884|MIM:602421|Ensembl:ENSG00000001626|HPRD:03883,7,7q31.2
9606,1081,CGA,-,CG-ALPHA|FSHA|GPHA1|GPHa|HCG|LHA|TSHA,HGNC:1885|MIM:118850|Ensembl:ENSG00000135346|HPRD:00342,6,6q12-q21
9606,1082,CGB,-,CGB3|hCGB,HGNC:1886|MIM:118860|Ensembl:ENSG00000104827|HPRD:00343,19,19q13.32
9606,1083,CGF1,-,-,HGNC:1887|MIM:300082,X,Xp11.22-qter
9606,1084,CEACAM3,-,CD66D|CEA|CGM1|MGC119875|W264|W282,HGNC:1815|MIM:609142|Ensembl:ENSG00000170956|HPRD:16450,19,19q13.2
9606,1085,CEACAMP5,-,CGM12,HGNC:1827,19,19q13.2
9606,1086,CEACAMP11,-,CGM18,HGNC:1823,19,19q13.2
9606,1087,CEACAM7,-,CEA|CGM2,HGNC:1819|Ensembl:ENSG00000007306|HPRD:07629,19,19q13.2
9606,1088,CEACAM8,-,CD66b|CD67|CGM6|NCA-95,HGNC:1820|Ensembl:ENSG00000124469|HPRD:07630,19,19q13.2
9606,1089,CEACAM4,-,CGM7|CGM7_HUMAN|NCA,HGNC:1816|Ensembl:ENSG00000105352|HPRD:07628,19,19q13.2
9606,1090,CEACAMP1,-,CGM8,HGNC:1821,19,19q13.2
9606,1091,CEACAMP2,-,CGM9,HGNC:1824,19,19q13.2
9606,1092,CEACAMP3,-,CGM10,HGNC:1825,19,19q13.2
9606,1093,CEACAMP4,-,CGM11,HGNC:1826,19,19q13.2
9606,1094,CEACAMP6,-,CGM13,HGNC:1828,19,19q13.2
9606,1095,CEACAMP7,-,CGM14,HGNC:1829,19,19q13.2
9606,1096,CEACAMP8,-,CGM15,HGNC:1830,19,19q13.2
9606,1097,CEACAMP9,-,CGM16,HGNC:1831,19,19q13.2
9606,1098,CEACAMP10,-,CGM17,HGNC:1822,19,19q13.2
9606,1101,CHAD,-,SLRR4A,HGNC:1909|MIM:602178|Ensembl:ENSG00000136457|HPRD:03711,17,17q21.33
9606,1102,RCBTB2,-,CHC1L,HGNC:1914|MIM:603524|Ensembl:ENSG00000136161|HPRD:04631,13,13q14.3
9606,1103,CHAT,-,CMS1A|CMS1A2,HGNC:1912|MIM:118490|Ensembl:ENSG00000070748|HPRD:07510,10,10q11.2
9606,1104,RCC1,-,CHC1|RCC1-I,HGNC:1913|MIM:179710|Ensembl:ENSG00000180198|HPRD:01559,1,1p36.1
9606,1105,CHD1,-,DKFZp686E2337,HGNC:1915|MIM:602118|Ensembl:ENSG00000153922|HPRD:03668,5,5q15-q21
9606,1106,CHD2,-,DKFZp547I1315|DKFZp686E01200|DKFZp781D1727|FLJ38614,HGNC:1917|MIM:602119|Ensembl:ENSG00000173575|HPRD:03669,15,15q26
9606,1107,CHD3,-,Mi-2a|Mi2-ALPHA|ZFH,HGNC:1918|MIM:602120|Ensembl:ENSG00000170004|HPRD:09071,17,17p13.1
9606,1108,CHD4,-,DKFZp686E06161|Mi-2b|Mi2-BETA,HGNC:1919|MIM:603277|Ensembl:ENSG00000111642|HPRD:04472,12,12p13
9606,1109,AKR1C4,-,3-alpha-HSD|C11|CDR|CHDR|DD4|HAKRA|MGC22581,HGNC:387|MIM:600451|Ensembl:ENSG00000198610|HPRD:07040,10,10p15-p14
9606,1110,CHE2,-,-,HGNC:1922|MIM:177500,2,2q33-q35
9606,1111,CHEK1,-,CHK1,HGNC:1925|MIM:603078|Ensembl:ENSG00000149554|HPRD:04356,11,11q24-q24
9606,1112,FOXN3,-,C14orf116|CHES1|PRO1635,HGNC:1928|MIM:602628|Ensembl:ENSG00000053254|HPRD:07533,14,14q31.3
9606,1113,CHGA,-,CGA,HGNC:1929|MIM:118910|Ensembl:ENSG00000100604|HPRD:07170,14,14q32
9606,1114,CHGB,-,SCG1,HGNC:1930|MIM:118920|Ensembl:ENSG00000089199|HPRD:07512,20,20pter-p12
9606,1116,CHI3L1,-,ASRT7|DKFZp686N19119|FLJ38139|GP39|HC-gp39|HCGP-3P|YKL40|YYL-40,HGNC:1932|MIM:601525|Ensembl:ENSG00000133048|HPRD:03314,1,1q32.1
9606,1117,CHI3L2,-,YKL-39|YKL39,HGNC:1933|MIM:601526|Ensembl:ENSG00000064886|HPRD:03315,1,1p13.3
9606,1118,CHIT1,-,CHI3|CHIT|FLJ00314|MGC125322,HGNC:1936|MIM:600031|Ensembl:ENSG00000133063|HPRD:02494,1,1q31-q32
9606,1119,CHKA,-,CHK|CKI,HGNC:1937|MIM:118491|Ensembl:ENSG00000110721|HPRD:00327,11,11q13.2
9606,1120,CHKB,-,CHETK|CHKL,HGNC:1938|Ensembl:ENSG00000100288|HPRD:07631,22,22q13.33
9606,1121,CHM,RP1-93L7.1,DXS540|FLJ38564|GGTA|HSD-32|MGC102710|REP-1|TCD,HGNC:1940|MIM:300390|Ensembl:ENSG00000188419|HPRD:02312|HPRD:06563,X,Xq21.2
9606,1122,CHML,-,FLJ10071|FLJ13361|REP2,HGNC:1941|MIM:118825|Ensembl:ENSG00000203668|HPRD:00341,1,1q42-qter
9606,1123,CHN1,-,ARHGAP2|CHN|RHOGAP2,HGNC:1943|MIM:118423|Ensembl:ENSG00000128656|HPRD:00319,2,2q31-q32.1
9606,1124,CHN2,-,ARHGAP3|BCH|MGC138360|RHOGAP3,HGNC:1944|MIM:602857|Ensembl:ENSG00000106069|HPRD:04173,7,7p15.3
9606,1125,CHR,-,-,HGNC:1945|MIM:118840,5,5q35
9606,1128,CHRM1,-,HM1|M1|MGC30125,HGNC:1950|MIM:118510|Ensembl:ENSG00000168539|HPRD:00338,11,11q13
9606,1129,CHRM2,-,FLJ43243|HM2|MGC120006|MGC120007,HGNC:1951|MIM:118493|Ensembl:ENSG00000181072|HPRD:00328,7,7q31-q35
9606,1130,LYST,-,CHS|CHS1,HGNC:1968|MIM:606897|Ensembl:ENSG00000143669|HPRD:06060,1,1q42.1-q42.2
9606,1131,CHRM3,-,HM3,HGNC:1952|MIM:118494|Ensembl:ENSG00000133019|HPRD:00329,1,1q43
9606,1132,CHRM4,-,HM4,HGNC:1953|MIM:118495|HPRD:00330,11,11p12-p11.2
9606,1133,CHRM5,-,HM5|MGC41838,HGNC:1954|MIM:118496|Ensembl:ENSG00000184984|HPRD:00331,15,15q26
9606,1134,CHRNA1,-,ACHRA|ACHRD|CHRNA|CMS2A|FCCMS|SCCMS,HGNC:1955|MIM:100690|Ensembl:ENSG00000138435|HPRD:00007,2,2q24-q32
9606,1135,CHRNA2,-,-,HGNC:1956|MIM:118502|Ensembl:ENSG00000120903|HPRD:00332,8,8p21
9606,1136,CHRNA3,-,LNCR2|MGC104879|PAOD2,HGNC:1957|MIM:118503|Ensembl:ENSG00000080644|HPRD:07511,15,15q24
9606,1137,CHRNA4,-,BFNC|EBN|EBN1|FLJ95812|NACHR|NACHRA4|NACRA4,HGNC:1958|MIM:118504|Ensembl:ENSG00000101204|HPRD:00333,20,20q13.2-q13.
9606,1138,CHRNA5,-,LNCR2,HGNC:1959|MIM:118505|Ensembl:ENSG00000169684|HPRD:00334,15,15q24
9606,1139,CHRNA7,-,CHRNA7-2|NACHRA7,HGNC:1960|MIM:118511|Ensembl:ENSG00000175344|HPRD:00339,15,15q14
9606,1140,CHRNB1,-,ACHRB|CHRNB|CMS1D|CMS2A|SCCMS,HGNC:1961|MIM:100710|Ensembl:ENSG00000170175|HPRD:01156,17,17p13.1
